番号,氏名,離職時の年齢,離職時の官職,出身府省庁（推定）,離職日,再就職日,再就職先の名称,再就職先の業務内容,再就職先における地位,求職の承認の有無,センター援助の有無
1,岡本　宰,61,内閣官房内閣審議官（内閣官房副長官補付） 命 内閣官房拉致問題対策本部事務局審議官 併任 内閣府大臣官房審議官（拉致被害者等支援担当）,内閣官房,2022-07-18,2024-06-28,株式会社名古屋証券取引所,証券取引業務,常務取締役,無,無
2,安藤　晴彦,61,内閣官房内閣審議官（内閣官房副長官補付）,内閣官房,2023-03-31,2024-06-29,一般社団法人JCCP国際石油・ガス・持続可能エネルギー協力機関,産油国等との人財育成協力及び技術協力,専務理事,無,無
3,大矢　俊雄,60,内閣官房内閣審議官（内閣官房副長官補付） 命 海外ビジネス投資支援室長,内閣官房,2023-07-18,2024-05-01,鹿島建設株式会社,総合建設業,顧問,無,無
4,大矢　俊雄,60,内閣官房内閣審議官（内閣官房副長官補付） 命 海外ビジネス投資支援室長,内閣官房,2023-07-18,2024-06-16,株式会社ディー・エヌ・エー,IT・インターネット事業,Executive Economist,無,無
5,大矢　俊雄,60,内閣官房内閣審議官（内閣官房副長官補付） 命 海外ビジネス投資支援室長,内閣官房,2023-07-18,2024-07-01,株式会社Tryfunds,海外事業投資への助言や子会社を通じた投資ファンドの運営等,顧問,無,無
6,吉川　浩民,59,内閣官房内閣審議官（内閣官房副長官補付） 命 内閣官房デジタル田園都市国家構想実現会議事務局長 命 内閣官房デジタル行財政改革会議事務局局員,内閣官房,2024-07-05,2024-11-01,株式会社みずほ銀行,金融業,顧問,無,無
7,黒木　理恵,53,内閣官房内閣審議官（内閣官房副長官補付）,内閣官房,2024-08-31,2024-09-01,消費者庁,国家公務,審議官,無,無
8,新原　浩朗,65,内閣官房内閣審議官（内閣官房副長官補付） 命 内閣官房国際博覧会推進本部事務局長 命 内閣官房新しい資本主義実現本部事務局長代理 命 内閣官房新しい資本主義実現本部事務局私的独占禁止法特例法担当室長 命 内閣官房スタートアップ創出総括官,内閣官房,2024-09-30,2024-11-01,一般財団法人キヤノングローバル戦略研究所,調査・研究,研究主幹（非常勤）,無,無
9,新原　浩朗,65,内閣官房内閣審議官（内閣官房副長官補付） 命 内閣官房国際博覧会推進本部事務局長 命 内閣官房新しい資本主義実現本部事務局長代理 命 内閣官房新しい資本主義実現本部事務局私的独占禁止法特例法担当室長 命 内閣官房スタートアップ創出総括官,内閣官房,2024-09-30,2025-01-01,株式会社NTTデータ経営研究所,調査・研究、コンサルティング,特別顧問,無,無
10,平川　薫,60,内閣法制局第二部長,内閣法制局,2024-07-04,2024-11-01,SMBC日興証券株式会社,証券業,顧問,無,無
11,西　浩明,61,人事院事務総局人材局長,人事院,2022-12-12,2024-06-27,日本合成アルコール株式会社,工業用合成アルコールの製造、販売,取締役,無,無
12,一之瀬　徹,60,人事院事務総局関東事務局長,人事院,2024-03-31,2024-04-23,特定非営利活動法人アグリやさと,農業体験交流を通じた食と農の正しい理解の促進等,非常勤スタッフ,無,無
13,宮川　忠彰,60,人事院事務総局付,人事院,2024-03-31,2024-07-01,警察職員生活協同組合,警察職員の生活向上支援業務,審議役,無,無
14,平良　公孝,60,内閣府沖縄総合事務局陸運事務所長,内閣府,2023-03-31,2024-06-01,一般社団法人沖縄旅客船協会,旅客航路事業に関する啓蒙、指導並びに情報の収集及び頒布,専務理事 兼 事務局長,無,無
15,清水谷　諭,56,内閣府大臣官房,内閣府,2023-06-30,2024-04-01,国立大学法人名古屋大学,教育・研究,名古屋大学大学院国際開発研究科教授,無,無
16,鋤柄　卓夫,60,内閣府食品安全委員会事務局長,内閣府,2023-07-03,2024-06-27,一般社団法人日本養豚協会,養豚経営の安定と生産力の向上に関する事業等,専務理事,無,無
17,増島　稔,59,内閣府経済社会総合研究所長,内閣府,2023-07-04,2024-04-01,国立大学法人滋賀大学,教育・研究,国立大学法人滋賀大学特任教授（データサイエンス・AIイノベーション研究推進センター）,無,無
18,宮地　毅,61,内閣府迎賓館長,内閣府,2023-07-04,2024-06-01,全国市議会議長会,市議会議長相互間の連絡調整等,事務総長,無,無
19,大城　照彦,60,内閣府沖縄総合事務局開発建設部技術企画官,内閣府,2024-03-31,2024-07-01,大日本ダイヤコンサルタント株式会社,建設コンサルタント業,九州支社技師長（沖縄駐在）,無,無
20,大城　護,60,内閣府沖縄総合事務局開発建設部管理課長 併任 総務調整官,総務省,2024-03-31,2024-07-01,一般社団法人沖縄しまたて協会,国土の利用、整備、保全及び災害防止に係る業務の受託並びに支援に関する事業等,総務部上席参与,無,無
21,片山　朗,60,内閣府大臣官房企画調整課統計情報分析推進官（内閣府大臣官房サイバーセキュリティ・情報化審議官）,内閣府,2024-03-31,2024-04-01,学校法人村崎学園,教育・研究,徳島文理大学総合政策学部教授,無,無
22,中井川　季央,54,内閣府経済社会システム成果連動型事業推進室参事官,内閣府,2024-03-31,2024-04-01,株式会社三井住友銀行,銀行業,法人戦略部上席推進役,無,無
23,田和　宏,64,内閣府事務次官,内閣府,2024-07-04,2024-11-01,公益社団法人経済同友会,経済・経営・社会問題に関する調査・研究、審議、立案、建議等,政策顧問,無,無
24,田和　宏,64,内閣府事務次官,内閣府,2024-07-04,2024-11-01,株式会社一柳アソシエイツ,政策規制に関するコンサルタント業務、経営人材紹介と育成等,特別顧問,無,無
25,田和　宏,64,内閣府事務次官,内閣府,2024-07-04,2024-11-01,長島・大野・常松法律事務所,弁護士業,顧問,無,無
26,田和　宏,64,内閣府事務次官,内閣府,2024-07-04,2024-11-27,東京フィナンシャルリサーチ株式会社,経済・金融動向に関する分析レポートの提供,編集委員,無,無
27,田和　宏,64,内閣府事務次官,内閣府,2024-07-04,2025-01-01,株式会社日本総合研究所,調査・コンサルティング業,顧問,無,無
28,大塚　幸寛,61,内閣府審議官,内閣府,2024-07-05,2024-10-01,株式会社日本経済研究所,調査・コンサルティング業,上席研究主幹,無,無
29,鹿内　浩胤,60,宮内庁書陵部編修課長,宮内庁,2023-03-31,2024-04-01,シダックス大新東ヒューマンサービス株式会社,放課後児童クラブの運営、学校給食の運営、公共施設の運営管理等様々な分野で自治体のサービスをサポート,専門契約社員,無,無
30,鹿内　浩胤,60,宮内庁書陵部編修課長,宮内庁,2023-03-31,2024-08-16,株式会社あすた,未就学児及び就学児の障害児に対する療育・書類作成・保護者支援その他これに付随する業務,児童指導員,無,無
31,池田　憲治,62,宮内庁次長,宮内庁,2023-12-19,2024-04-01,地方公務員共済組合連合会,地方公務員共済組合等の長期給付に係る業務の適正かつ円滑な運営を図るための事業,理事長,無,無
32,小林　渉,59,公正取引委員会事務総長,公正取引委員会,2023-07-05,2024-04-01,学校法人同志社,教育・研究,同志社大学司法研究科特別客員教授,無,無
33,田辺　治,59,公正取引委員会事務総局審査局長,公正取引委員会,2024-01-12,2025-01-01,フレッシュフィールズブルックハウスデリンガー法律事務所,弁護士業,シニアコンサルタント,無,無
34,筒井　秀樹,60,公正取引委員会事務総局北海道事務所長,公正取引委員会,2024-03-31,2024-07-01,北海道建設業信用保証株式会社,公共工事前払金保証事業等,総務企画部参事,無,無
35,扇澤　昭宏,56,警察庁長官官房付,警察庁,2022-08-26,2024-07-01,一般社団法人全日本指定自動車教習所協会連合会,自動車教習所運営の合理化に関する調査研究等,専務理事,無,無
36,鬼塚　友章,50,警察庁長官官房付,警察庁,2022-08-30,2024-04-01,全国遊技機商業協同組合連合会,中古遊技機の適正流通、流通セキュリティの確保、リサイクルの推進,顧問（非常勤）,無,無
37,鬼塚　友章,50,警察庁長官官房付,警察庁,2022-08-30,2024-06-26,株式会社HESTA大倉,建設業等,取締役社長,無,無
38,堀　誠司,57,警察庁長官官房政策立案総括審議官 兼 公文書監理官,警察庁,2023-03-27,2024-08-01,日本証券業協会,金融商品取引業に関する自主規制業務等,特別参与,無,無
39,黑岩　操,60,警察大学校刑事教養部長,警察庁,2023-03-31,2024-06-01,三井住友信託銀行株式会社,金融業,総務部審議役,無,無
40,田中　信幸,60,皇宮警察本部警務課付,警察庁,2023-03-31,2024-04-01,流山市役所,地方公務,会計年度任用職員,無,無
41,松本　裕之,58,皇宮警察本部長,警察庁,2023-04-14,2024-06-25,表示灯株式会社,広告業,副社長執行役員,無,無
42,今林　寛幸,58,中部管区警察局長,警察庁,2023-08-01,2024-04-01,株式会社サイバージムジャパン,サイバーセキュリティ対策事業,顧問,無,無
43,今林　寛幸,58,中部管区警察局長,警察庁,2023-08-01,2024-12-01,株式会社サカイ引越センター,引越運送、引越付帯サービス業務,顧問,無,無
44,大塚　尚,58,警察庁長官官房付,警察庁,2023-08-07,2024-11-22,株式会社メディア工房,デジタルコンテンツ事業等,社外監査役,無,無
45,山本　仁,57,警察庁生活安全局長,警察庁,2023-08-07,2024-07-29,株式会社シー・エス・エム,建設業（機械器具設置工事業）,顧問,無,無
46,福田　守雄,59,警察庁長官官房付,警察庁,2023-08-25,2024-06-27,株式会社コロワイド,飲食店の経営等,社外取締役,無,無
47,山本　和毅,58,関東管区警察局長,警察庁,2023-09-08,2024-06-12,一般財団法人ITSサービス高度化機構,ETCシステム及びDSRC（狭域通信）システムに関するセキュリティを確保するための機能・役割を担う等の業務,監事,無,無
48,河原　淳平,59,警察庁サイバー警察局長,警察庁,2024-01-26,2024-05-01,リーテックス株式会社,リーテックスデジタル契約サービスの開発・販売・サポート等,顧問,無,無
49,河原　淳平,59,警察庁サイバー警察局長,警察庁,2024-01-26,2024-06-01,三井住友海上火災保険株式会社,保険事業,顧問,無,無
50,小島　裕史,59,警視総監,警察庁,2024-01-26,2024-04-02,内閣官房,国家公務,内閣危機管理監,無,無
51,福田　正信,58,関東管区警察局長,警察庁,2024-01-26,2024-05-01,弁護士法人岡野法律事務所,弁護士業,九段下オフィス弁護士,無,無
52,福田　正信,58,関東管区警察局長,警察庁,2024-01-26,2024-07-01,株式会社オオバ,建設コンサルタント,企画本部顧問,無,無
53,見垣　実男,60,関東管区警察局栃木県情報通信部長,警察庁,2024-03-01,2024-07-01,一般財団法人保安通信協会,保安電子通信技術に関する業務,調査役,無,無
54,恩地　俊之,60,関東管区警察局茨城県情報通信部長,警察庁,2024-03-15,2024-07-01,警察職員生活協同組合,警察職員の生活向上支援業務,審議役,無,無
55,朝倉　崇,60,中部管区警察局総務監察・広域調整部長,警察庁,2024-03-29,2024-07-01,トヨタ自動車株式会社,自動車の製造販売,嘱託（プロフェッショナル・パートナー）,無,無
56,岡部　正勝,58,警察庁長官官房付,警察庁,2024-03-29,2024-09-01,グローリー株式会社,通貨関連機器の開発・製造・販売等,顧問,無,無
57,岡本　安志,60,東京都警察情報通信部長,警察庁,2024-03-29,2024-07-01,一般社団法人UTMS協会,UTMS（新交通管理システム）に関する研究開発等,特別参与,無,無
58,岡本　安志,60,東京都警察情報通信部長,警察庁,2024-03-29,2024-09-04,一般社団法人UTMS協会,UTMS（新交通管理システム）に関する研究開発等,専務理事,無,無
59,奥野　省吾,58,警察庁長官官房付,警察庁,2024-03-29,2024-08-01,アクサ生命保険株式会社,保険事業,MCVP推進本部顧問,無,無
60,金澤　正和,60,警察庁刑事局犯罪鑑識官,警察庁,2024-03-29,2024-07-01,公益財団法人警察協会,警察活動援助者等に対する救済援護事業等,参与,無,無
61,島﨑　俊隆,60,警察庁長官官房技術総括審議官,警察庁,2024-03-29,2024-07-01,富士通株式会社,通信機器、情報処理機器等の製造・販売,シニアアドバイザー,無,無
62,鈴木　信弘,59,警察庁長官官房付,警察庁,2024-03-29,2024-06-12,一般財団法人道路交通情報通信システムセンター,道路交通情報の収集及び放送メディアへの提供等,常務理事,無,無
63,高橋　靖,60,警察庁長官官房付,警察庁,2024-03-29,2024-07-01,株式会社ソユー,アミューズメント施設の企画・運営管理等,特別顧問,無,無
64,高水　紀美彦,60,警察庁長官官房付,警察庁,2024-03-29,2024-07-01,一般社団法人日本自動車連盟,交通知識の向上と交通安全及び環境改善の推進,交通環境部担当部長,無,無
65,寺崎　信夫,60,警察庁長官官房付,警察庁,2024-03-29,2024-07-01,公益財団法人日本道路交通情報センター,道路交通情報の収集、提供及び分析事業等,業務部長,無,無
66,乗松　直樹,60,関東管区警察局情報通信部長,警察庁,2024-03-29,2024-08-22,自営,教育・インターネット事業,-,無,無
67,森藤　いさ雄,60,警察大学校附属警察情報通信学校長,警察庁,2024-03-29,2024-07-01,パナソニックコネクト株式会社,電子機械器具の製造、販売等,顧問,無,無
68,米田　茂雄,60,警察庁長官官房付,警察庁,2024-03-29,2024-07-01,イオンフィナンシャルサービス株式会社,総合金融事業,顧問,無,無
69,和田　敏一,60,関東管区警察局神奈川県情報通信部長,警察庁,2024-03-29,2024-07-01,自動車安全運転センター,安全運転研修業務等,調査役,無,無
70,金澤　武好,60,警察庁長官官房付,警察庁,2024-03-31,2024-07-01,一般財団法人警察大学校学友会,学術振興事業等,総務課長,無,無
71,菅　廣子,60,皇宮警察本部警務課付,警察庁,2024-03-31,2024-05-01,株式会社KSC,レセプト内容点検等,パート社員,無,無
72,角園　和彦,60,皇宮警察本部警務課付,警察庁,2024-03-31,2024-07-01,宮崎綜合警備株式会社,警備業,教育訓練部参与,無,無
73,関口　悟史,60,警察庁長官官房付,警察庁,2024-03-31,2024-07-01,自動車安全運転センター,安全運転研修業務等,調査役,無,無
74,山口　孝幸,60,皇宮警察本部護衛部長,警察庁,2024-03-31,2024-07-01,公益財団法人日本防災通信協会,非常通報装置の普及,総務部長,無,無
75,加藤　伸宏,57,警察庁長官官房付,警察庁,2024-04-05,2024-06-19,公益財団法人日本道路交通情報センター,道路交通情報の収集、提供及び分析業務等,業務執行理事,無,無
76,近藤　知尚,57,警察大学校長,警察庁,2024-04-05,2024-08-01,日本アイ・ビー・エム株式会社,情報システムに関わる製品、サービスの提供,特別顧問,無,無
77,田中　俊恵,58,警察大学校長,警察庁,2024-08-05,2024-12-16,ジブラルタ生命保険株式会社,保険事業,顧問,無,無
78,田中　俊恵,58,警察大学校長,警察庁,2024-08-05,2025-03-26,株式会社イトーキ,ワークプレイス事業等,社外取締役,無,無
79,下田　隆文,59,皇宮警察本部長,警察庁,2024-08-08,2024-12-01,セントラル警備保障株式会社,警備業,顧問,無,無
80,根本　純史,58,警察庁長官官房付,警察庁,2024-08-26,2024-12-01,三井住友海上火災保険株式会社,保険事業,顧問,無,無
81,向山　喜浩,57,警察庁長官官房付,警察庁,2024-08-26,2025-03-01,株式会社KADOKAWA,出版、アニメ・実写映像、Webサービス、教育等,顧問,無,無
82,渡邊　国佳,57,警察庁刑事局長,警察庁,2024-08-27,2024-12-01,明治安田生命保険相互会社,保険事業,顧問,無,無
83,馬塲　進司,60,皇宮警察本部教養厚生課課長補佐（皇宮警察本部警務課付）,警察庁,2024-08-31,2024-12-01,皇宮警察桐栄会,互助会に対する支援事業,事務局長,無,無
84,山岸　一生,57,警察庁長官官房付,警察庁,2024-09-02,2024-12-01,日本原子力防護システム株式会社,原子力発電所その他原子力関連施設の防護等,顧問,無,無
85,山岸　一生,57,警察庁長官官房付,警察庁,2024-09-02,2025-01-01,日本ハーデス株式会社,宝くじ販売業務全般の統括・指導,顧問,無,無
86,幡谷　賢治,61,警察大学校教授（警察庁長官官房付）,警察庁,2024-09-30,2025-01-01,茨城ヤナセ株式会社,自動車販売・修理業,法務部部長,無,無
87,飯利　雄彦,58,警察庁長官官房政策立案総括審議官 兼 公文書監理官,警察庁,2024-11-05,2025-03-01,第一生命保険株式会社,保険事業,顧問,無,無
88,棚瀬　誠,47,警察庁サイバー警察局サイバー捜査課長,警察庁,2024-12-16,2025-02-01,株式会社サイバーエージェント・キャピタル,ベンチャーキャピタル事業,顧問,無,無
89,棚瀬　誠,47,警察庁サイバー警察局サイバー捜査課長,警察庁,2024-12-16,2025-03-01,株式会社トランジットホールディングス,クリエイティブ事業等を含むグループ全体の経営管理等,特別顧問,無,無
90,松本　秀一,60,個人情報保護委員会事務局監視・監督研究官（個人情報保護委員会事務局政策立案参事官）,個人情報保護委員会,2023-03-31,2024-06-14,一般財団法人日本情報経済社会推進協会,個人情報の保護、情報セキュリティに関する認証制度の運営・普及等,常務理事,無,無
91,松元　照仁,57,個人情報保護委員会事務局長,個人情報保護委員会,2024-07-05,2024-11-01,株式会社三菱UFJトラスト投資工学研究所,金融分野の研究及びソリューションの提供,業務顧問,無,無
92,合田　健彦,60,金融庁総合政策局リスク分析総括課専門検査官 兼 監督局総務課課付 兼 監督局銀行第一課課付,金融庁,2023-03-31,2024-12-01,あかつき証券株式会社,証券業,コンプライアンス部部長,無,無
93,百瀬　卓,60,金融庁総合政策局リスク分析総括課専門検査官 兼 総合政策局リスク分析総括課リスク管理検査室室付 兼 監督局総務課課付 兼 監督局銀行第一課課付 兼 監督局銀行第二課課付,金融庁,2023-03-31,2024-04-01,みずほ電子債権記録株式会社,電子記録債権法に基づく電子債権記録業、及び附帯する業務,社外監査役,無,無
94,百瀬　卓,60,金融庁総合政策局リスク分析総括課専門検査官 兼 総合政策局リスク分析総括課リスク管理検査室室付 兼 監督局総務課課付 兼 監督局銀行第一課課付 兼 監督局銀行第二課課付,金融庁,2023-03-31,2024-04-01,みずほファクター株式会社,国内ファクタリング業務、国際ファクタリング業務、代金回収業務,顧問,無,無
95,天谷　知子,60,金融庁金融国際審議官 兼 総合政策局総務課IAIS年次総会準備室長,金融庁,2023-07-04,2024-06-20,東日本旅客鉄道株式会社,旅客鉄道事業,監査等委員である社外取締役,無,無
96,天谷　知子,60,金融庁金融国際審議官 兼 総合政策局総務課IAIS年次総会準備室長,金融庁,2023-07-04,2024-06-26,川崎重工業株式会社,輸送用機器その他機械製造・販売他,監査等委員である社外取締役,無,無
97,中島　淳一,60,金融庁長官,金融庁,2023-07-04,2024-11-11,株式会社三菱UFJフィナンシャル・グループ,グループ会社の経営管理,リスク委員会外部専門家,無,無
98,椎名　康,53,金融庁監督局証券課長 兼 監督局銀行第一課 兼 総合政策局国際政策管理官,金融庁,2024-03-31,2024-08-01,金融安定理事会,グローバルな金融システムを監視し、助言を行う国際機関,事務局員,無,無
99,五十嵐　俊樹,61,証券取引等監視委員会事務局証券検査官（証券取引等監視委員会事務局統括検査官）,金融庁,2024-06-30,2024-10-01,公益社団法人日本証券アナリスト協会,金融・投資のプロフェッショナル育成等,規律・企業情報開示部部長,無,無
100,尾﨑　伸也,46,公認会計士・監査審査会事務局公認会計士監査検査官,金融庁,2024-06-30,2024-07-01,有限責任監査法人トーマツ,財務書類の監査証明等,監査・保証事業本部関西事業部シニアマネジャー,無,無
101,西岡　暢亮,46,公認会計士・監査審査会事務局公認会計士監査検査官,金融庁,2024-06-30,2024-07-01,EY新日本有限責任監査法人,財務書類の監査証明等,福岡事務所シニアマネージャー,無,無
102,栗田　照久,60,金融庁長官,金融庁,2024-07-05,2024-12-01,TMI総合法律事務所,弁護士業,顧問,無,無
103,栗田　照久,60,金融庁長官,金融庁,2024-07-05,2025-01-01,自営業,コンサルタント業務,-,無,無
104,田邊　亮二,58,金融庁総合政策局リスク分析総括課主任統括検査官,金融庁,2024-07-12,2024-10-01,株式会社肥後銀行,金融業,理事,無,無
105,萩藤　博之,55,証券取引等監視委員会事務局証券検査課長 兼 証券取引等監視委員会事務局証券検査課国際証券検査室長,金融庁,2024-07-12,2024-10-01,日本証券業協会,金融商品取引業に関する自主規制業務等,監査本部監査1部長,無,無
106,町井　智,60,金融庁監督局銀行第二課地域銀行モニタリング室金融証券検査官（金融庁監督局銀行第二課地域銀行モニタリング室主任統括検査官）,金融庁,2024-07-31,2024-10-01,全国信用協同組合連合会,金融業,嘱託エキスパート職（監査士）,無,無
107,増田　泰伸,59,金融庁総合政策局リスク分析総括課専門検査官 兼 監督局銀行第二課課付 兼 監督局総務課課付 兼 監督局銀行第一課課付,金融庁,2024-12-31,2025-02-03,日本住宅ローン株式会社,独立行政法人住宅金融支援機構の業務受託、住宅ローン等の貸付け・管理回収業務,契約社員,無,無
108,伊藤　明子,60,消費者庁長官,消費者庁,2022-07-01,2024-05-01,株式会社WECARS,国産車、外国車の中古車・新車販売及び車両買取業務等,取締役,無,無
109,里平　倫行,60,こども家庭庁成育局参事官,こども家庭庁,2024-03-31,2024-07-01,社会福祉法人こどもの国協会,施設の運営,副園長 兼 常勤理事,無,無
110,角田　隆,58,復興庁事務次官,復興庁,2024-07-05,2024-11-01,三井住友信託銀行株式会社,金融業,顧問,無,無
111,佐々木　祐二,58,総務省総務審議官,総務省,2022-06-28,2024-06-13,エヌ・ティ・ティ・コミュニケーションズ株式会社,電気通信事業等,常務執行役員,無,無
112,吉開　正治郎,59,総務省政策統括官（統計制度担当）、（恩給担当）,総務省,2022-08-19,2024-04-01,総務省,国家公務,行政不服審査会委員,無,無
113,門田　茂,60,信越総合通信局総務部長,総務省,2023-03-31,2024-07-01,一般財団法人日本データ通信協会,情報セキュリティ対策の推進と情報通信分野における人材育成に関する業務,迷惑メール相談センター所長,無,無
114,佐々木　淳,62,総務省行政評価局調査官,総務省,2023-03-31,2025-01-01,公益財団法人日本相撲協会,本場所及び巡業の開催並びにこれを担う人材の育成、相撲道の指導及び普及等,参与,無,無
115,日高　良一,60,東北総合通信局無線通信部長,総務省,2023-03-31,2024-04-01,一般社団法人全国陸上無線協会,無線局関連事業,企画調査部担当部長,無,無
116,島田　淳一,54,総務省総合通信基盤局電波部電波環境課電波利用環境専門官（総務省情報流通行政局総務課調査官）,総務省,2023-06-30,2024-11-01,国立大学法人北陸先端科学技術大学院大学,教育・研究,教授,無,無
117,生沼　裕,56,総務省大臣官房付,総務省,2023-07-07,2024-04-01,第一生命保険株式会社,保険業,公法人部顧問,無,無
118,大村　慎一,59,総務省大臣官房地域力創造審議官,総務省,2023-07-07,2024-08-01,学校法人創志学園,教育・研究,理事長補佐,無,無
119,大村　慎一,59,総務省大臣官房地域力創造審議官,総務省,2023-07-07,2024-08-01,自営業,コンサルティング業務（株式会社住宅・都市政策推進機構との業務委託契約）,-,無,無
120,大村　慎一,59,総務省大臣官房地域力創造審議官,総務省,2023-07-07,2024-08-01,富士宮通運株式会社,製造業・倉庫通運業,顧問,無,無
121,大村　慎一,59,総務省大臣官房地域力創造審議官,総務省,2023-07-07,2024-08-01,三井住友信託銀行株式会社,金融業,アドバイザー,無,無
122,大村　慎一,59,総務省大臣官房地域力創造審議官,総務省,2023-07-07,2024-08-20,株式会社地創ラボ,コンサルティング業務,代表取締役,無,無
123,大村　慎一,59,総務省大臣官房地域力創造審議官,総務省,2023-07-07,2024-11-01,公益財団法人住宅リフォーム・紛争処理支援センター,住宅紛争処理支援、住宅リフォーム、取得契約等に関する相談、助言等,顧問,無,無
124,大村　慎一,59,総務省大臣官房地域力創造審議官,総務省,2023-07-07,2025-01-01,自営業,コンサルティング業務（一般財団法人静岡経済研究所との業務委託契約）,-,無,無
125,清水　正博,59,総務省行政評価局長,総務省,2023-07-07,2024-04-01,一般財団法人沿岸技術研究センター,沿岸の開発・保全に関する調査研究等,審議役,無,無
126,清水　正博,59,総務省行政評価局長,総務省,2023-07-07,2024-06-26,一般財団法人沿岸技術研究センター,沿岸の開発・保全に関する調査研究等,業務執行理事,無,無
127,滝川　伸輔,58,総務省自治大学校長,総務省,2023-07-07,2024-07-01,株式会社JAPANDX,ソフトウエア開発・提供,特別顧問,無,無
128,馬場　竹次郎,58,総務省大臣官房付,総務省,2023-07-07,2024-09-20,東光コンピュータ・サービス株式会社,コンピュータソフトウェアのシステム設計開発等,社外取締役,無,無
129,山下　哲夫,62,総務事務次官,総務省,2023-07-07,2024-10-01,富士通株式会社,通信機器・装置・システムの製造及び販売等,シニアアドバイザー,無,無
130,木村　敬,49,総務省大臣官房付,総務省,2024-01-09,2024-04-16,熊本県,地方公務,知事,無,無
131,乾　隆朗,60,総務省大臣官房付 併任 大臣官房参事官,総務省,2024-03-31,2024-07-01,一般財団法人地域総合整備財団,地域開発の動向等に関する調査及び研究等,総務企画部長,無,無
132,嶋田　幸広,60,総務省大臣官房付,総務省,2024-03-31,2024-07-01,株式会社リコー,デジタルサービス等,公共事業部第一営業部第一担当室顧問,無,無
133,髙橋　巧,65,神奈川行政評価事務所評価監視官（関東管区行政評価局地域総括評価官）,総務省,2024-03-31,2024-04-01,総務省,国家公務,行政管理局行政制度アドバイザー（非常勤職員）,無,無
134,髙橋　克尚,60,総務省大臣官房付,総務省,2024-03-31,2024-08-01,一般財団法人行政書士試験研究センター,行政書士の試験実施及び行政書士業務、試験制度の調査研究,事務局長,無,無
135,廣瀬　広志,59,総務省自治税務局固定資産税課資産評価室長,総務省,2024-03-31,2024-07-01,一般財団法人資産評価システム研究センター,資産の評価の方法に関する調査研究、研究会・講習会の開催、情報・資料等の調査収集等,調査研究部長,無,無
136,藤井　啓造,56,総務省国際戦略局付,総務省,2024-03-31,2024-04-01,国立大学法人鳥取大学,教育・研究,鳥取大学教授,無,無
137,古澤　良章,65,九州管区行政評価局地域総括評価官,総務省,2024-03-31,2024-04-01,総務省,国家公務,九州管区行政評価局評価監視調査官,無,無
138,松田　綱児,65,東京行政評価事務所次長,総務省,2024-03-31,2024-06-26,一般財団法人行政管理研究センター,行政管理に関する理論と諸技術に関する調査、研究、開発、知識の普及、啓蒙等,理事,無,無
139,松田　綱児,65,東京行政評価事務所次長,総務省,2024-03-31,2024-06-27,一般財団法人行政管理研究センター,行政管理に関する理論と諸技術に関する調査、研究、開発、知識の普及、啓蒙等,常務理事,無,無
140,渡辺　道治,59,総務省大臣官房付,総務省,2024-04-15,2024-07-01,一般財団法人日本消防設備安全センター,消防防災設備等の品質管理、調査研究等に関する業務,事務局長 兼 総務部長事務取扱,無,無
141,井上　卓,59,総務省統計高度利用特別研究官（統計局付）（総務省統計局長）,総務省,2024-05-10,2024-06-13,株式会社情報通信総合研究所,情報通信に関する調査研究、コンサルティング,監査役,無,無
142,水谷　準,51,総務省情報流通行政局付,総務省,2024-06-30,2024-07-01,桑名市,地方自治,副市長,無,無
143,岡　裕二,59,総務省大臣官房付 併任 大臣官房参事官,総務省,2024-07-05,2024-10-01,全国都道府県議会議長会,各都道府県議会間の連携を保ち、地方自治の発展を図る,事務局総務部長,無,無
144,小笠原　陽一,61,総務省情報流通行政局長,総務省,2024-07-05,2024-10-01,三井住友信託銀行株式会社,金融業,顧問,無,無
145,小笠原　陽一,61,総務省情報流通行政局長,総務省,2024-07-05,2025-02-01,国立大学法人東京科学大学,教育・研究,東京科学大学総合研究院特任教授,無,無
146,川窪　俊広,58,総務省大臣官房付,総務省,2024-07-05,2024-11-01,明治安田生命保険相互会社,生命保険業,公法人第一部顧問,無,無
147,北林　大昌,57,東海総合通信局長,総務省,2024-07-05,2024-10-07,一般社団法人電気通信事業者協会,電気通信事業者に共通又は相互に関係がある事項の協議等,専務理事,無,無
148,佐藤　啓太郎,59,総務省大臣官房付,総務省,2024-07-05,2024-11-01,損害保険ジャパン株式会社,損害保険業,顧問,無,無
149,塩崎　充博,58,九州総合通信局長,総務省,2024-07-05,2024-10-01,株式会社KDDI総合研究所,情報及び通信に関する調査研究、研究開発等,常勤顧問,無,無
150,鈴木　一広,56,総務省大臣官房付,総務省,2024-07-05,2024-10-01,ドコモ・テクノロジ株式会社,移動通信に関わる技術開発業務,業務改善推進室長,無,無
151,鈴木　信也,59,総務省大臣官房付,総務省,2024-07-05,2024-11-01,三井住友海上火災保険株式会社,損害保険業等,経営顧問,無,無
152,鈴木　康幸,62,消防庁消防大学校消防研究センター所長,総務省,2024-07-05,2024-11-01,一般財団法人日本消防設備安全センター,消防防災設備等の品質管理、資格講習、調査研究等に関する業務,専務理事,無,無
153,田原　康生,60,総務省国際戦略局長,総務省,2024-07-05,2024-11-01,KDDI株式会社,通信事業,顧問コア技術統括本部副統括本部長,無,無
154,内藤　尚志,62,総務事務次官,総務省,2024-07-05,2024-10-01,地方公共団体金融機構,金融業,理事長,無,無
155,中沢　淳一,56,東北総合通信局長,総務省,2024-07-05,2024-10-01,一般社団法人電波産業会,電波の利用に関する調査、研究及び開発等,参与研究開発本部長補佐兼務同開発センター長兼務,無,無
156,中平　真,58,総務省大臣官房付,総務省,2024-07-05,2024-11-01,富国生命保険相互会社,保険商品の販売及び保全サービス等,法人営業部顧問,無,無
157,藤井　雅文,57,総務省大臣官房付,総務省,2024-07-05,2024-11-01,三井住友信託銀行株式会社,金融業,本店法人業務第一部法人担当アドバイザー,無,無
158,宮地　俊明,57,総務省自治大学校長,総務省,2024-07-05,2024-11-01,みずほ信託銀行株式会社,金融業,信託ソリューション第一部特別業務アドバイザー,無,無
159,吉田　博史,60,総務省総務審議官,総務省,2024-07-05,2024-11-01,損害保険ジャパン株式会社,損害保険業,顧問,無,無
160,日下　隆,60,関東総合通信局総務部長,総務省,2024-07-16,2024-12-01,公益財団法人日本無線協会,無線従事者国家試験事務,審査部担当部長,無,無
161,澤田　史朗,58,総務省大臣官房付,総務省,2024-07-19,2024-11-01,日本電気株式会社,電気通信機械器具等の製造、販売等,顧問,無,無
162,西川　仁,59,総務省大臣官房付,総務省,2024-08-01,2024-10-01,一般財団法人地方財務協会,地方行政制度及び地方税財政制度に関する調査・研究等,事業部長,無,無
163,荒井　崇,56,総務省大臣官房付,総務省,2024-08-05,2024-12-02,株式会社みずほ銀行,金融業,顧問,無,無
164,吉武　久,59,総務省情報流通行政局付,総務省,2024-08-20,2024-12-01,株式会社ドコモCS,情報通信業,特別参与,無,無
165,古本　顕光,61,総務省大臣官房秘書課課長補佐（総務省消防庁国民保護・防災部防災課応急対策室長）,総務省,2024-10-11,2025-01-01,公益財団法人健康・体力づくり事業財団,国民の健康・体力づくりをサポートするための調査研究、研修会の実施、書籍の発行等,事業部長,無,無
166,脇　香一,63,鹿児島区検察庁副検事,検察,2022-04-24,2024-04-01,鹿児島地方裁判所、鹿児島簡易裁判所,国家公務,民事調停委員,無,無
167,林　眞琴,64,検事総長,検察,2022-06-24,2024-06-18,株式会社SBI新生銀行,金融業,社外取締役,無,無
168,佐々木　聖子,60,出入国在留管理庁長官,法務省,2022-08-02,2024-06-27,株式会社上組,国内物流事業,外部監査役,無,無
169,土肥　直充,63,富山区検察庁副検事,検察,2022-08-25,2024-04-01,富山地方裁判所、富山簡易裁判所、富山家庭裁判所,国家公務,民事調停委員、家事調停委員,無,無
170,多田　一郎,63,東京区検察庁副検事,検察,2022-09-04,2024-04-01,独立行政法人自動車事故対策機構,自動車事故の発生防止及びその被害者への援護に関する業務,契約社員,無,無
171,藤田　澄和,63,京都区検察庁副検事,検察,2022-09-12,2024-05-01,阪神公証センター,公証業務,事務職員（書記）,無,無
172,山本　康之,63,横浜区検察庁副検事,検察,2022-10-23,2024-04-01,日本郵便オフィスサポート株式会社,物品販売・施設管理・乙号事務,南関東支社業務管理者,無,無
173,山本　康之,63,横浜区検察庁副検事,検察,2022-10-23,2024-10-01,一般財団法人民事法務協会,登記、戸籍、供託及び成年後見等民事法務に関する調査・研究等,業務管理者,無,無
174,山本　直明,63,名古屋区検察庁副検事,検察,2022-11-20,2024-04-01,株式会社セノン,警備業,警備員,無,無
175,鎌田　新一,63,東京区検察庁副検事,検察,2022-12-31,2024-04-01,日本司法支援センター,総合法律支援業務,法テラス東京法律事務所一般職員,無,無
176,鎌田　新一,63,東京区検察庁副検事,検察,2022-12-31,2024-04-08,公益財団法人東京都公園協会,都市緑化、公園緑地、河川及び水辺環境に関する事業,一般職員,無,無
177,小畑　俊郎,63,津区検察庁副検事,検察,2023-02-09,2024-10-01,津地方裁判所,国家公務,民事調停委員,無,無
178,石井　惠子,63,横浜区検察庁副検事,検察,2023-03-28,2024-04-01,横浜家庭裁判所,国家公務,小田原支部家事調停委員,無,無
179,石岡　邦章,60,出入国在留管理庁東京出入国在留管理局長,法務省,2023-03-31,2024-06-20,公益財団法人国際人材協力機構,外国人材の受入支援サービス事業,理事（申請支援部担当）,無,無
180,岩本　康彦,60,浪速少年院次長,法務省,2023-03-31,2025-03-01,大阪市高速電気軌道株式会社,運輸業,バス運転手,無,無
181,唐澤　茂,60,甲府地方法務局長,法務省,2023-03-31,2024-06-01,公益社団法人全国国土調査協会,国土調査事業の推進,広報研修部長,無,無
182,紀　惠理子,60,矯正研修所長,法務省,2023-03-31,2024-04-01,学校法人神奈川大学,教育・研究,神奈川大学人間科学部人間科学科特任教授,無,無
183,小出　賢三,60,出入国在留管理庁大阪出入国在留管理局長,法務省,2023-03-31,2024-04-01,横浜市,地方公務,会計年度任用職員,無,無
184,小林　孝久,60,水戸地方検察庁事務局長,検察,2023-03-31,2024-07-01,住友生命保険相互会社,生命保険業,顧問,無,無
185,関根　光一,38,水戸地方検察庁検事,検察,2023-03-31,2024-04-01,弁護士法人長瀬総合法律事務所,弁護士業,弁護士,無,無
186,関根　光一,38,水戸地方検察庁検事,検察,2023-03-31,2024-12-01,関根国際法律事務所,弁護士業,弁護士,無,無
187,高橋　浩幸,60,広島刑務所尾道刑務支所長（高松刑務所処遇部長）,法務省,2023-03-31,2024-08-19,公益財団法人矯正協会,矯正活動に関する調査研究等,刑務作業協力事業部広島地方事業所地区業務総括補佐,無,無
188,松井　博之,60,秋田地方法務局長,法務省,2023-03-31,2025-01-23,松井博之司法書士事務所,司法書士業,司法書士,無,無
189,三好　想,46,法務省訟務局訟務支援課法務専門職（法務専門官）,法務省,2023-03-31,2024-04-01,ブレークモア法律事務所,弁護士業,弁護士,無,無
190,眞田　寿彦,60,最高検察庁検事,検察,2023-06-30,2025-03-01,桜田通り総合法律事務所,弁護士業,弁護士,無,無
191,畝本　毅,62,高松高等検察庁検事長,検察,2023-07-11,2024-07-01,株式会社熊谷組,総合建設業,法遵守監査委員会委員,無,無
192,辻　裕教,61,仙台高等検察庁検事長,検察,2023-07-11,2024-04-01,学校法人学習院,教育・研究,学習院大学法務研究科（法科大学院）法務専攻教授,無,無
193,山上　秀明,62,次長検事,検察,2023-07-11,2024-05-01,株式会社WECARS,車両販売、買取及び整備業務等,監査役,無,無
194,宮田　祐良,61,法務省保護局長,法務省,2023-07-13,2024-09-01,関東地方更生保護委員会,国家公務,委員,無,無
195,今井　將人,41,富山地方検察庁検事,検察,2023-12-31,2024-06-20,南谷綜合法律事務所,弁護士業,弁護士,無,無
196,横田　希代子,62,岐阜地方検察庁検事正,検察,2024-01-22,2024-05-01,東京八丁堀法律事務所,弁護士業,弁護士,無,無
197,小山　太士,62,大阪高等検察庁検事長,検察,2024-02-29,2024-06-20,弁護士法人瓜生・糸賀法律事務所,弁護士業,弁護士（顧問）,無,無
198,神村　昌通,62,札幌高等検察庁検事長,検察,2024-02-29,2024-06-20,ITN法律事務所,弁護士業,弁護士（オブカウンセル）,無,無
199,佐々木　毅,63,岡山区検察庁副検事,検察,2024-03-12,2024-04-01,岡山市役所,地方公務,会計年度任用職員,無,無
200,池尾　洋美,62,中部地方更生保護委員会委員,法務省,2024-03-31,2024-07-01,中部地方更生保護委員会,国家公務,任期付職員,無,無
201,石井　雅己,62,近畿地方更生保護委員会委員,法務省,2024-03-31,2024-06-01,兵庫県保護司会連合会,保護司及び保護司会の連絡調整等,事務局長,無,無
202,伊藤　敏治,59,福岡法務局長,法務省,2024-03-31,2024-07-01,春日井公証役場,公証業務,公証人,無,無
203,江原　幸紀,56,鳥取地方法務局長,法務省,2024-03-31,2024-06-01,豊岡公証役場,公証業務,公証人,無,無
204,遠藤　伸子,59,東京高等検察庁検事,検察,2024-03-31,2024-05-01,福島公証人合同役場,公証業務,公証人,無,無
205,大澤　新一,58,東京高等検察庁検事,検察,2024-03-31,2024-07-02,長野公証人合同役場,公証業務,公証人,無,無
206,大野　直樹,56,千葉地方検察庁検事,検察,2024-03-31,2024-05-31,岸和田公証役場,公証業務,公証人,無,無
207,加藤　由衣,33,盛岡地方検察庁検事,検察,2024-03-31,2024-06-03,虎ノ門東京法律事務所,弁護士業,弁護士,無,無
208,金田　仁史,61,福岡高等検察庁検事,検察,2024-03-31,2024-06-30,和歌山公証人合同役場,公証業務,公証人,無,無
209,川鍋　奨,60,広島高等検察庁事務局長,検察,2024-03-31,2024-04-03,関東地方更生保護委員会,国家公務,委員,無,無
210,熊澤　孝一,45,熊本地方検察庁検事,検察,2024-03-31,2024-05-07,弁護士法人清水谷法律会計事務所,弁護士業,弁護士,無,無
211,倉谷　浩一,62,近畿地方更生保護委員会委員,法務省,2024-03-31,2024-06-26,更生保護法人宝珠園,更生保護事業,補導職員,無,無
212,黒川　琢朗,60,東京高等検察庁事務局長,検察,2024-03-31,2024-07-01,盛岡公証人合同役場,公証業務,公証人,無,無
213,齊藤　照彦,59,仙台法務局民事行政部長,法務省,2024-03-31,2024-07-01,いわき公証役場,公証業務,公証人,無,無
214,佐久間　武司,60,出入国在留管理庁高松出入国在留管理局長,法務省,2024-03-31,2024-05-07,公益財団法人国際人材育成機構,外国人技能実習生受入事業及び支援事業等,東京支局常勤嘱託（エグゼクティブアドバイザー）,無,無
215,佐藤　修司,60,福岡高等検察庁事務局長,検察,2024-03-31,2024-04-03,近畿地方更生保護委員会,国家公務,委員,無,無
216,澤田　竜彦,59,津地方法務局長,法務省,2024-03-31,2024-07-01,敦賀公証役場,公証業務,公証人,無,無
217,三本松　篤,63,近畿地方更生保護委員会委員長,法務省,2024-03-31,2024-07-01,更生保護法人千葉県更生保護助成協会,更生保護事業,事務局長,無,無
218,新宮　高明,59,大阪法務局民事行政部長,法務省,2024-03-31,2024-07-01,加古川公証役場,公証業務,公証人,無,無
219,鈴石　勝,60,最高検察庁事務局長,検察,2024-03-31,2024-07-01,大分公証人合同役場,公証業務,公証人,無,無
220,武田　智博,68,高松刑務所医務部長,法務省,2024-03-31,2024-04-01,医療法人社団谷本内科医院,医療業務,非常勤医師,無,無
221,武田　智博,68,高松刑務所医務部長,法務省,2024-03-31,2024-04-01,医療法人社団清仁会,医療業務,宇多津病院非常勤医師,無,無
222,伊達　泰裕,63,中国地方更生保護委員会委員長,法務省,2024-03-31,2024-05-28,更生保護法人ウィズ広島,更生保護事業,常務理事,無,無
223,田中　宏明,57,広島高等検察庁公安部長,検察,2024-03-31,2024-05-31,難波公証役場,公証業務,公証人,無,無
224,田畑　義弥,62,九州地方更生保護委員会委員,法務省,2024-03-31,2024-04-01,九州地方更生保護委員会,国家公務,任期付職員,無,無
225,豊田　英一,59,熊本地方法務局長,法務省,2024-03-31,2024-07-01,鹿屋公証役場,公証業務,公証人,無,無
226,中川　景子,43,東京地方検察庁検事,検察,2024-03-31,2024-05-09,松田綜合法律事務所,弁護士業,弁護士,無,無
227,中西　和久,60,岡山少年院長,法務省,2024-03-31,2024-05-01,更生保護法人しらふじ,更生保護事業,補導主任,無,無
228,長橋　範夫,59,福島地方法務局長,法務省,2024-03-31,2024-07-01,白河公証役場,公証業務,公証人,無,無
229,夏見　聡,59,和歌山地方法務局長,法務省,2024-03-31,2024-07-01,新居浜公証役場,公証業務,公証人,無,無
230,西山　悟,59,釧路地方法務局長,法務省,2024-03-31,2024-07-01,能代公証役場,公証業務,公証人,無,無
231,禰宜　浩史,62,四国地方更生保護委員会委員,法務省,2024-03-31,2024-04-02,四国地方更生保護委員会,国家公務,任期付職員,無,無
232,久野　昌美,58,盛岡保護観察所長,法務省,2024-03-31,2024-09-01,社会保険労務士法人まっちん,社会保険労務士業,社会保険労務士,無,無
233,平野　正明,60,北海道地方更生保護委員会委員,法務省,2024-03-31,2024-04-01,社会福祉法人水の会,保育園及び老人福祉施設の運営管理,相談役,無,無
234,福田　克則,59,千葉地方法務局長,法務省,2024-03-31,2024-07-01,伊那公証役場,公証業務,公証人,無,無
235,藤本　瑞穂,59,大阪高等検察庁検事,検察,2024-03-31,2024-05-01,大津公証役場,公証業務,公証人,無,無
236,舟川　勝美,60,大阪高等検察庁事務局長,検察,2024-03-31,2024-09-01,八代公証役場,公証業務,公証人,無,無
237,真崎　亨,60,水戸地方検察庁事務局長,検察,2024-03-31,2024-10-01,損害保険料率算出機構,自賠責保険金・共済金請求事案に係る損害調査業務,自賠責損害調査センター企画推進部長付,無,無
238,松川　正德,62,北海道地方更生保護委員会委員,法務省,2024-03-31,2024-04-01,関東地方更生保護委員会,国家公務,任期付職員,無,無
239,松川　正德,62,北海道地方更生保護委員会委員,法務省,2024-03-31,2024-10-12,関東地方更生保護委員会,国家公務,統括審査官,無,無
240,松崎　元彦,59,松山地方法務局長,法務省,2024-03-31,2024-07-01,今治公証役場,公証業務,公証人,無,無
241,松橋　進一,63,関東地方更生保護委員会委員,法務省,2024-03-31,2024-07-01,特定非営利活動法人埼玉県就労支援事業者機構,更生保護事業への協力、犯罪者等への就労支援等,理事（地域支援コーディネーター）,無,無
242,宮城　安,59,さいたま地方法務局長,法務省,2024-03-31,2024-09-01,三条公証役場,公証業務,公証人,無,無
243,保田　泰代,60,奈良地方検察庁事務局長,検察,2024-03-31,2024-07-01,高知合同公証役場,公証業務,事務員,無,無
244,柳川　謙二,59,神戸地方法務局長,法務省,2024-03-31,2024-07-01,大分公証人合同役場,公証業務,公証人,無,無
245,山本　裕司,63,関東地方更生保護委員会委員,法務省,2024-03-31,2024-04-01,関東地方更生保護委員会,国家公務,任期付職員,無,無
246,山本　格,60,出入国在留管理庁札幌出入国在留管理局長,法務省,2024-03-31,2024-05-07,公益財団法人国際人材育成機構,外国人技能実習生受入事業及び支援事業等,エグゼクティブアドバイザー,無,無
247,𠮷村　満晴,62,近畿地方更生保護委員会委員,法務省,2024-03-31,2024-06-01,名古屋保護観察所,国家公務,任期付職員,無,無
248,渡辺　英樹,59,横浜地方法務局長,法務省,2024-03-31,2024-07-01,佐久公証役場,公証業務,公証人,無,無
249,渡辺　人志,59,札幌法務局民事行政部長,法務省,2024-03-31,2024-07-01,丸亀公証役場,公証業務,公証人,無,無
250,渡辺　浩,60,仙台高等検察庁事務局長,検察,2024-03-31,2024-04-03,関東地方更生保護委員会,国家公務,委員,無,無
251,藁谷　和彦,63,関東地方更生保護委員会委員,法務省,2024-03-31,2024-06-01,有限会社法務弘済会,保険代理店業務等,参与,無,無
252,伊藤　伸次,61,奈良地方検察庁検事正,検察,2024-04-15,2024-06-03,阪神公証センター,公証業務,公証人,無,無
253,林　秀行,61,さいたま地方検察庁検事正,検察,2024-04-15,2024-06-06,日本橋公証役場,公証業務,公証人,無,無
254,黒木　彰一,64,宮崎区検察庁副検事,検察,2024-04-24,2024-10-01,宮崎地方裁判所、宮崎簡易裁判所,国家公務,民事調停委員,無,無
255,藤原　英二,64,福島区検察庁副検事,検察,2024-05-09,2024-10-01,福島家庭裁判所,国家公務,家事調停委員,無,無
256,後田　雅弘,63,神戸区検察庁副検事,検察,2024-06-07,2024-06-10,神戸探偵事務所,探偵業務,所長,無,無
257,井上　恵理子,43,さいたま地方検察庁検事,検察,2024-06-30,2024-07-01,証券取引等監視委員会,国家公務,証券調査官,無,無
258,鎌田　航,41,東京地方検察庁検事 併任 金融庁企画市場局市場課課長補佐,金融庁,2024-06-30,2024-09-01,西村あさひ法律事務所・外国法共同事業,弁護士業,弁護士,無,無
259,川北　哲義,61,最高検察庁検事,検察,2024-07-01,2024-08-02,神戸公証センター,公証業務,公証人,無,無
260,澤田　潤,59,最高検察庁検事,検察,2024-07-01,2024-09-30,甲府公証役場,公証業務,公証人,無,無
261,古﨑　孝司,58,福岡高等検察庁検事,検察,2024-07-01,2024-08-01,小倉公証人合同役場,公証業務,公証人,無,無
262,宮川　博行,59,最高検察庁検事,検察,2024-07-01,2024-11-24,平塚公証役場,公証業務,公証人,無,無
263,山口　英幸,60,神戸地方検察庁検事正,検察,2024-07-01,2024-08-01,池袋公証役場,公証業務,公証人,無,無
264,甲斐　行夫,64,検事総長,検察,2024-07-09,2024-10-23,甲斐行夫法律事務所,弁護士業,弁護士,無,無
265,久木元　伸,62,福岡高等検察庁検事長,検察,2024-07-09,2025-01-24,防衛省,国家公務,防衛監察本部防衛監察監,無,無
266,髙嶋　智光,62,名古屋高等検察庁検事長,検察,2024-07-09,2024-10-01,T&K法律事務所,弁護士業,弁護士,無,無
267,髙嶋　智光,62,名古屋高等検察庁検事長,検察,2024-07-09,2025-03-28,株式会社電通,広告事業,独立社外取締役（監査委員会委員、指名委員会委員）,無,無
268,舩山　雄司,64,山形区検察庁副検事,検察,2024-09-21,2024-10-01,山形公証役場,公証業務,書記（事務長）,無,無
269,浅見　賢太郎,35,さいたま地方検察庁熊谷支部検事,検察,2024-09-30,2024-10-01,TMI総合法律事務所,弁護士業,弁護士,無,無
270,佐野　雅之,61,静岡少年鑑別所統括専門官（企画調整担当）（駿府学園長）,法務省,2024-09-30,2024-10-02,KUNI株式会社,デイサービス事業所の運営,クニリハビリスタジオ一般職員,無,無
271,宮田　誠司,59,仙台高等検察庁検事,検察,2024-11-01,2024-12-01,金沢公証人合同役場,公証業務,公証人,無,無
272,山下　裕之,57,最高検察庁検事,検察,2024-11-01,2024-12-01,四日市公証人合同役場,公証業務,公証人,無,無
273,勝山　浩嗣,59,広島地方検察庁検事正,検察,2024-12-10,2025-02-01,新宿公証役場,公証業務,公証人,無,無
274,佐藤　隆文,62,高松高等検察庁検事長,検察,2024-12-10,2025-01-07,カジノ管理委員会,国家公務,委員長,無,無
275,永幡　無二雄,61,福岡地方検察庁検事正,検察,2024-12-10,2025-01-17,平野町公証役場,公証業務,公証人,無,無
276,長谷川　保,61,千葉地方検察庁検事正,検察,2024-12-10,2025-03-17,霞ケ関公証役場,公証業務,公証人,無,無
277,花﨑　政之,61,岡山地方検察庁検事正,検察,2024-12-10,2025-01-20,平野町公証役場,公証業務,公証人,無,無
278,和田　雅樹,62,広島高等検察庁検事長,検察,2024-12-10,2025-03-01,半蔵門総合法律事務所,弁護士業,弁護士,無,無
279,國井　弘樹,49,大阪高等検察庁検事,検察,2024-12-31,2025-01-01,AsiaWise法律事務所,弁護士業,弁護士,無,無
280,横井　朗,59,最高検察庁検事,検察,2024-12-31,2025-01-06,八重洲総合法律事務所,弁護士業,弁護士,無,無
281,澤尻　亨,64,東京区検察庁副検事,検察,2025-01-26,2025-02-12,菱田司法書士法人,司法書士業,司法書士補助者,無,無
282,荒井　友明,63,在タイ日本国大使館参事官,外務省,2023-03-31,2024-08-19,一般財団法人外務精励会,外交活動に対する側面的支援業務等,管理課長,無,無
283,森　健良,62,外務事務次官,外務省,2023-08-10,2024-06-01,アール・エス・アセットマネジメント株式会社,太陽光整備等の再生エネルギーファンド等の事業,顧問,無,無
284,森　健良,62,外務事務次官,外務省,2023-08-10,2024-11-01,鹿島建設株式会社,土木建築及び機器装置その他建設工事全般に関する請負又は委託等,顧問,無,無
285,西野　恭子,60,外務省大臣官房総務課企画官 併任 大臣官房総務課（ODA評価室長）,総務省,2024-01-31,2024-04-01,独立行政法人国際協力機構,開発途上国への技術協力,国際協力専門員,無,無
286,清水　彰,63,在アメリカ合衆国日本国大使館参事官,外務省,2024-03-31,2024-06-03,一般財団法人外務精励会,外交活動に対する側面的支援業務等,総務課長,無,無
287,夛賀　政幸,63,在チェンナイ日本国総領事館総領事,外務省,2024-03-31,2024-05-01,学校法人華陽学園,教育・研究,岐阜女子大学特別客員教授,無,無
288,夛賀　政幸,63,在チェンナイ日本国総領事館総領事,外務省,2024-03-31,2024-09-02,公益財団法人日印協会,日印間の政治・経済・文化交流,事務局長,無,無
289,夛賀　政幸,63,在チェンナイ日本国総領事館総領事,外務省,2024-03-31,2024-10-11,公益財団法人日印協会,日印間の政治・経済・文化交流等,理事,無,無
290,樋口　義広,63,外務省国際情報統括官国際情報研究官 併任 大臣官房 併任 国際情報統括官組織（分析グループ） 命 審査調整官（外務省大臣官房付）,外務省,2024-03-31,2024-05-13,学校法人武蔵野大学,教育・研究,武蔵野大学教育企画課非常勤嘱託,無,無
291,和田　潔,63,外務省大臣官房総務課外交史料館館長,総務省,2024-03-31,2024-05-20,自営,コンサルタント、通訳・翻訳,-,無,無
292,手塚　功,45,在アメリカ合衆国日本国大使館参事官,外務省,2024-07-01,2024-07-16,グーグル合同会社,インターネット検索エンジン等を提供,シニア・マネージャー,無,無
293,滝崎　成樹,62,外務省大臣官房,外務省,2024-09-24,2024-12-13,株式会社アリエス,経営に関する助言及び指導,代表取締役,無,無
294,岡野　正敬,60,外務事務次官,外務省,2025-01-17,2025-01-20,内閣官房,国家公務,国家安全保障局長,無,無
295,栗原　一福,59,財務省大臣官房財政経済特別研究官（国税庁税務大学校長）,国税,2022-06-24,2024-04-01,三菱ケミカルグループ株式会社,グループ会社の経営管理,渉外部長,無,無
296,神例　高章,59,財務省大臣官房付,財務省,2022-07-01,2023-03-01,株式会社三菱総合研究所,シンクタンク・コンサルティングサービス等,客員研究員,無,無
297,神例　高章,59,財務省大臣官房付,財務省,2022-07-01,2024-05-01,株式会社三菱総合研究所,シンクタンク・コンサルティングサービス等,客員研究員,無,無
298,白瀧　智彦,59,東海財務局静岡財務事務所長,財務省,2022-07-01,2024-06-18,いちい信用金庫,金融業,常勤監事,無,無
299,深瀬　康髙,59,近畿財務局総務部部付,総務省,2022-07-01,2024-06-13,長浜信用金庫,金融業,理事（リスク管理室長）,無,無
300,青木　幸弘,60,国税庁東京国税局麹町税務署長,国税,2022-07-09,2024-05-29,株式会社JAPANDX,IT関連事業,監査役,無,無
301,青木　幸弘,60,国税庁東京国税局麹町税務署長,国税,2022-07-09,2024-06-08,医療法人緑栄会,医療事業,監事,無,無
302,浅井　清貴,60,国税庁名古屋国税局課税第二部長,国税,2022-07-09,2024-06-26,明治電機工業株式会社,電気機器、電気設備等の販売,社外取締役,無,無
303,小俣　智之,61,国税庁東京国税局横浜中税務署長,国税,2022-07-09,2024-06-28,株式会社ミツハシ,米穀類の販売等,非常勤監査役,無,無
304,垣内　良,60,国税庁熊本国税局長,国税,2022-07-09,2024-06-21,富士古河E&C株式会社,電気空調設備工事,社外監査役,無,無
305,兼頭　智子,61,国税庁東京国税局川崎南税務署長,国税,2022-07-09,2024-06-27,明海グループ株式会社,海運業,社外監査役,無,無
306,黒澤　博美,60,国税庁関東信越国税局浦和税務署長,国税,2022-07-09,2024-04-01,日本年金機構,公的年金に係る運営業務等,高度専門職（徴収アドバイザー）,無,無
307,四井　清裕,60,国税庁名古屋国税局調査部長,国税,2022-07-09,2024-06-21,レシップホールディングス株式会社,輸送機器及び産業機器に係る事業等を統括する持株会社,社外取締役監査等委員（非常勤）,無,無
308,鷲見　直人,60,国税庁札幌国税局札幌中税務署長,国税,2022-07-09,2024-06-12,室蘭信用金庫,金融業,非常勤監事,無,無
309,百目鬼　宏,60,国税庁熊本国税局都城税務署長,国税,2022-07-09,2024-04-01,富士通株式会社,通信機器・装置・システムの製造及び販売等,シニアアドバイザー,無,無
310,冨山　健,60,国税庁東京国税局大和税務署長,国税,2022-07-09,2024-07-01,有限会社東京経営コンサルタント,経営コンサルタント業,社員,無,無
311,豊川　晋次,60,国税庁広島国税局広島東税務署長,国税,2022-07-09,2024-07-01,豊川晋次税理士事務所,税理士業,開業税理士,無,無
312,西村　英樹,60,国税庁東京国税局柏税務署長,国税,2022-07-09,2024-06-26,日本トーター株式会社,公営競技に関する企画、運営業,監査役,無,無
313,船越　正則,61,国税庁大阪国税局伏見税務署長,国税,2022-07-09,2024-04-11,公益社団法人草津納税協会,税務知識の普及と納税意識の高揚に資する各種事業等,専務理事,無,無
314,岸本　浩,60,財務省大臣官房付,財務省,2022-08-01,2024-07-01,国際空港上屋株式会社,国際航空貨物取扱い等の総合グランドハンドリング事業,顧問,無,無
315,小林　一久,60,財務省大臣官房付,財務省,2022-08-01,2024-06-26,高砂香料工業株式会社,フレーバー、フレグランス、アロマイングリディエンツ、ファインケミカルの製造・販売,常勤監査役,無,無
316,山本　武史,55,国税庁長官官房付,国税,2023-01-31,2024-11-01,一般財団法人GovTech東京,コンサルタント業,非常勤職員,無,無
317,上橋　勇,60,財務省理財局局付,財務省,2023-03-31,2024-06-21,東葉高速鉄道株式会社,鉄道事業,監査役,無,無
318,北川　真,58,財務省大臣官房付,財務省,2023-07-01,2024-06-14,湖東信用金庫,金融業,常勤監事,無,無
319,河野　桂子,56,門司税関総務部部付,総務省,2023-07-01,2024-04-01,別府市教育委員会,地方公務,会計年度任用職員,無,無
320,南部　寿美雄,59,東海財務局総務部次長,総務省,2023-07-01,2024-06-18,知多信用金庫,金融業,理事 兼 監査部長,無,無
321,矢島　一郎,58,関東財務局理財部金融監督官,財務省,2023-07-01,2024-06-19,東京三協信用金庫,金融業,常勤理事（監査部長委嘱）,無,無
322,米田　博文,58,財務省大臣官房付,財務省,2023-07-01,2024-06-21,株式会社TXハーモニー,清掃業務、事務補助業務,取締役,無,無
323,臼杵　芳樹,59,財務省大臣官房付,財務省,2023-07-04,2024-07-01,桂新堂株式会社,えび菓子の製造及び販売,顧問,無,無
324,鵜田　晋幸,58,財務省大臣官房付,財務省,2023-07-04,2024-09-01,学校法人青山学院,教育・研究,青山学院大学大学院法学研究科特任教授,無,無
325,金井　哲男,60,国税庁税務大学校長,国税,2023-07-04,2024-06-25,株式会社大光銀行,金融業,常務取締役,無,無
326,重藤　哲郎,59,財務省大臣官房付,財務省,2023-07-04,2024-06-21,一般社団法人全国信用金庫協会,信用金庫の業務運営に関する調査・研究等,常務理事,無,無
327,諏訪園　健司,58,財務省関税局長,財務省,2023-07-04,2024-04-01,国立大学法人東京大学,教育・研究,東京大学総長室アドバイザー,無,無
328,並木　稔,59,財務省大臣官房付,財務省,2023-07-04,2024-06-27,株式会社SBJ銀行,金融業,代表取締役社長,無,無
329,青木　和徳,61,国税庁東京国税局千葉南税務署長,国税,2023-07-09,2024-05-27,株式会社デザインアンドデベロップメント,ピンバッジの受注製作業,監査役,無,無
330,芦田　眞一,60,国税庁東京国税局麹町税務署長,国税,2023-07-09,2024-06-20,東京ベイ信用金庫,金融業,員外監事,無,無
331,安藤　和之,60,国税庁関東信越国税局新潟税務署長,国税,2023-07-09,2024-09-18,株式会社アルバース,医療機器販売事業,監査役,無,無
332,岩﨑　信夫,60,国税庁広島国税局課税第一部長,国税,2023-07-09,2024-08-01,楫伸税理士・行政書士事務所,税理士業・行政書士業,事務員,無,無
333,岩﨑　信夫,60,国税庁広島国税局課税第一部長,国税,2023-07-09,2024-08-22,楫伸税理士・行政書士事務所,税理士業・行政書士業,所属税理士,無,無
334,大西　弘高,60,国税庁名古屋国税局静岡税務署長,国税,2023-07-09,2024-07-01,コーディアル税理士法人,税理士業,社員税理士,無,無
335,岡本　敏朗,60,国税庁広島国税局松江税務署長,国税,2023-07-09,2024-04-01,株式会社財務会計サポート,会計業務,事務員,無,無
336,岡元　敬浩,61,国税庁東京国税局目黒税務署長,国税,2023-07-09,2024-11-20,岡元敬浩税理士事務所,税理士業,開業税理士,無,無
337,荻原　和弥,60,国税庁東京国税局茂原税務署長,国税,2023-07-09,2024-08-22,荻原和弥税理士事務所,税理士業,開業税理士,無,無
338,尾上　幸男,60,国税庁高松国税局徴収部長,国税,2023-07-09,2025-03-10,合同会社尾上コンサルティング,税務、会計、経営に関するコンサルタント業等,代表社員,無,無
339,蟹江　健治,60,国税庁名古屋国税局名古屋中税務署長,国税,2023-07-09,2024-12-02,公益社団法人名古屋中法人会,税務知識の普及と納税意識の高揚に資する各種事業等,専務理事補佐,無,無
340,紙屋　正文,60,国税庁東京国税局板橋税務署長,国税,2023-07-09,2024-04-01,独立行政法人中小企業基盤整備機構,中小企業者等に関する助言、研修、資金の貸付け等,非常勤嘱託職員,無,無
341,北島　一晃,60,国税庁東京国税局豊島税務署長,国税,2023-07-09,2024-08-06,株式会社オメガコンサルタンツ,人材派遣業,監査役,無,無
342,北島　一晃,60,国税庁東京国税局豊島税務署長,国税,2023-07-09,2024-08-26,ヤクシ化成株式会社,工業薬品卸売業,監査役,無,無
343,串部　雅裕,60,国税庁大阪国税局右京税務署長,国税,2023-07-09,2024-06-18,Noster株式会社,医薬品研究開発業,監査役,無,無
344,楠窪　泰浩,60,国税庁福岡国税局香椎税務署長,国税,2023-07-09,2024-08-01,公益社団法人博多法人会,税務知識の普及と納税意識の高揚に資する各種事業等,事務局長,無,無
345,久世　貴子,60,国税庁東京国税局江戸川南税務署長,国税,2023-07-09,2024-06-20,一般社団法人日本ボイラ協会,ボイラーや圧力容器の検査・検定,幹事,無,無
346,齊藤　裕二,60,国税庁東京国税局中野税務署長,国税,2023-07-09,2024-09-24,平博成税理士事務所,税理士業,所属税理士,無,無
347,佐賀野　豊,60,国税庁札幌国税局函館税務署長,国税,2023-07-09,2024-08-22,佐賀野豊税理士事務所,税理士業,開業税理士,無,無
348,佐々木　博,60,国税庁仙台国税局調査査察部長,国税,2023-07-09,2024-08-19,木幡四郎税理士事務所,税理士業,事務員,無,無
349,佐々木　博,60,国税庁仙台国税局調査査察部長,国税,2023-07-09,2024-09-24,木幡四郎税理士事務所,税理士業,所属税理士,無,無
350,佐々木　博,60,国税庁仙台国税局調査査察部長,国税,2023-07-09,2024-11-01,税理士法人すがわら会計,税理士業,所属税理士,無,無
351,佐々木　博,60,国税庁仙台国税局調査査察部長,国税,2023-07-09,2024-11-01,有限会社菅原企画,コンサルタント業等,取締役,無,無
352,佐藤　隆資,60,国税庁仙台国税局山形税務署長,国税,2023-07-09,2024-11-01,税理士法人すがわら会計,税理士業,所属税理士,無,無
353,佐野　崇之,61,国税庁東京国税局京橋税務署長,国税,2023-07-09,2024-08-01,Cross-border税理士法人,税理士業,事務員,無,無
354,佐野　崇之,61,国税庁東京国税局京橋税務署長,国税,2023-07-09,2024-11-20,Cross-border税理士法人,税理士業,東京支店社員税理士,無,無
355,椎谷　晃,60,国税庁金沢国税局長,国税,2023-07-09,2025-03-01,株式会社シービーエス,ビル総合管理業,社長付顧問,無,無
356,城森　和弘,60,国税庁熊本国税局熊本西税務署長,国税,2023-07-09,2024-10-23,城森和弘税理士事務所,税理士業,開業税理士,無,無
357,城森　和弘,60,国税庁熊本国税局熊本西税務署長,国税,2023-07-09,2025-01-04,公益社団法人鹿児島法人会,税務知識の普及と納税意識の高揚に資する各種事業等,事務局員,無,無
358,鈴木　久志,60,国税庁東京国税局武蔵野税務署長,国税,2023-07-09,2024-04-01,株式会社やまびこ,小型屋外作業機械等、各種機械の製造及び販売,社外監査役（非常勤）,無,無
359,関　善光,60,国税庁大阪国税局姫路税務署長,国税,2023-07-09,2024-06-26,関善光税理士事務所,税理士業,開業税理士,無,無
360,関谷　幸子,60,国税庁福岡国税局久留米税務署長,国税,2023-07-09,2024-04-25,関谷幸子税理士事務所,税理士業,開業税理士,無,無
361,関根　博,61,国税庁東京国税局調査第四部長,国税,2023-07-09,2024-06-21,日本道路株式会社,道路建設及び舗装工事業,社外監査役,無,無
362,髙島　敏雄,60,国税庁福岡国税局小倉税務署長,国税,2023-07-09,2024-04-01,京都府庁,地方公務,会計年度任用職員,無,無
363,髙松　博和,60,国税庁東京国税局調査第三部長,国税,2023-07-09,2024-08-22,髙松博和税理士事務所,税理士業,開業税理士,無,無
364,瀧口　信雄,60,国税庁広島国税局課税第二部長,国税,2023-07-09,2024-04-01,株式会社CGSコーポレーション,総合警備業,顧問,無,無
365,瀧口　信雄,60,国税庁広島国税局課税第二部長,国税,2023-07-09,2024-06-27,株式会社トマト銀行,金融業,社外監査役,無,無
366,忠平　典幸,60,国税庁関東信越国税局長岡税務署長,国税,2023-07-09,2025-01-01,税理士法人サンライズ,税理士業,新潟西事務所社員税理士,無,無
367,時任　英俊,60,国税庁札幌国税局帯広税務署長,国税,2023-07-09,2024-07-10,税理士法人竹川会計事務所,税理士業,所属税理士,無,無
368,徳竹　直美,60,国税庁東京国税局徴収部長,国税,2023-07-09,2024-07-10,文京区役所,地方公務,会計年度任用職員,無,無
369,中川　修,61,国税庁札幌国税局札幌西税務署長,国税,2023-07-09,2025-01-06,中川修税理士事務所,税理士業,開業税理士,無,無
370,中野　英吉,60,国税庁東京国税局王子税務署長,国税,2023-07-09,2024-08-22,税理士法人ガイア,税理士業,社員税理士,無,無
371,中村　辰博,60,国税庁東京国税局芝税務署長,国税,2023-07-09,2024-04-01,JFEビジネスサポート横浜株式会社,オフィス業務全般のサービス等,監査役（非常勤）,無,無
372,中村　辰博,60,国税庁東京国税局芝税務署長,国税,2023-07-09,2024-08-26,永和不動産株式会社,不動産賃貸業,監査役,無,無
373,中村　幸彦,60,国税庁福岡国税局課税第二部長,国税,2023-07-09,2024-05-01,株式会社クレイツ,美容器機販売,監査役,無,無
374,中村　幸彦,60,国税庁福岡国税局課税第二部長,国税,2023-07-09,2024-05-21,学校法人九州学園,教育・研究,福岡女子短期大学監事,無,無
375,中村　幸彦,60,国税庁福岡国税局課税第二部長,国税,2023-07-09,2024-05-21,学校法人高木学園,教育・研究,福岡国際医療福祉大学監事,無,無
376,成相　明子,60,国税庁東京国税局新宿税務署長,国税,2023-07-09,2024-06-21,新日本空調株式会社,空調設備の設置等,社外取締役,無,無
377,成相　明子,60,国税庁東京国税局新宿税務署長,国税,2023-07-09,2024-06-25,日本化学産業株式会社,工業薬品・成型加工品製造販売,社外監査役,無,無
378,西村　佳久,60,国税庁名古屋国税局調査部長,国税,2023-07-09,2024-11-19,株式会社コアズ,警備業,監査役,無,無
379,西村　佳久,60,国税庁名古屋国税局調査部長,国税,2023-07-09,2024-11-19,コアズHD株式会社,自動車リース業等,取締役,無,無
380,西村　佳久,60,国税庁名古屋国税局調査部長,国税,2023-07-09,2024-11-27,株式会社赤福,菓子の製造・販売,監査役,無,無
381,萩原　広作,60,国税庁福岡国税局若松税務署長,国税,2023-07-09,2024-08-22,萩原広作税理士事務所,税理士業,開業税理士,無,無
382,深田　節夫,60,国税庁大阪国税局東税務署長,国税,2023-07-09,2024-06-27,一般財団法人池田みどりスポーツ財団,池田市内の緑化推進及びスポーツ振興,監事,無,無
383,福井　秀二,60,国税庁東京国税局甲府税務署長,国税,2023-07-09,2024-09-01,東京都卸売酒販組合,酒税の円滑な納税促進と酒類業界の安定及び発展に資する事業,参事,無,無
384,福井　秀二,60,国税庁東京国税局甲府税務署長,国税,2023-07-09,2024-09-27,東京都卸売酒販組合,酒税の円滑な納税促進と酒類業界の安定及び発展に資する事業,専務理事,無,無
385,藤木　達也,60,国税庁広島国税局広島東税務署長,国税,2023-07-09,2024-05-30,株式会社広島情報シンフォニー,情報システムサービス業,監査役（非常勤）,無,無
386,藤木　達也,60,国税庁広島国税局広島東税務署長,国税,2023-07-09,2024-06-26,中国工業株式会社,高圧機器製造販売業,社外監査役（非常勤）,無,無
387,藤原　冬樹,60,国税庁関東信越国税局調査査察部長,国税,2023-07-09,2024-09-24,藤原冬樹税理士事務所,税理士業,開業税理士,無,無
388,藤原　冬樹,60,国税庁関東信越国税局調査査察部長,国税,2023-07-09,2024-11-01,学校法人国際学院,教育・研究,国際学院埼玉短期大学事務部参事,無,無
389,松井　史浩,60,国税庁東京国税局足立税務署長,国税,2023-07-09,2024-08-22,松井史浩税理士事務所,税理士業,開業税理士,無,無
390,松井　史浩,60,国税庁東京国税局足立税務署長,国税,2023-07-09,2024-09-01,株式会社KT会計センター,会計業務,社員,無,無
391,松田　嘉仁,60,国税庁名古屋国税局清水税務署長,国税,2023-07-09,2024-04-18,税理士法人M'CON,税理士業,代表社員,無,無
392,松田　嘉仁,60,国税庁名古屋国税局清水税務署長,国税,2023-07-09,2024-06-18,三島信用金庫,金融業,監事,無,無
393,宮武　勉,60,国税庁高松国税局松山税務署長,国税,2023-07-09,2024-06-11,宮地電機株式会社,電子設備機器卸販売,監査役（非常勤）,無,無
394,宮武　勉,60,国税庁高松国税局松山税務署長,国税,2023-07-09,2024-07-31,株式会社よんやく,医薬品卸業,非常勤監査役,無,無
395,宮武　勉,60,国税庁高松国税局松山税務署長,国税,2023-07-09,2024-10-01,香川県漁業協同組合連合会,組合員の漁獲物等の加工・販売、営漁指導等,顧問,無,無
396,本谷　憲泰,60,国税庁金沢国税局徴収部長,国税,2023-07-09,2024-07-08,さくらパートナーズ合同会社,コンサルタント業,代表社員,無,無
397,本谷　憲泰,60,国税庁金沢国税局徴収部長,国税,2023-07-09,2025-01-10,本谷憲泰税理士事務所,税理士業,開業税理士,無,無
398,森重　良二,60,国税庁東京国税局木更津税務署長,国税,2023-07-09,2025-02-14,フジ相続税理士法人,税理士業,顧問,無,無
399,森下　智,61,国税庁名古屋国税局半田税務署長,国税,2023-07-09,2024-04-01,三重地方税管理回収機構,市町村税・個人県民税の滞納整理、差押え財産の公売等,顧問,無,無
400,柳澤　裕行,61,国税庁東京国税局千葉東税務署長,国税,2023-07-09,2024-08-01,船橋市,地方公務,主査,無,無
401,山崎　正貴,60,国税庁金沢国税局福井税務署長,国税,2023-07-09,2024-09-24,山崎正貴税理士事務所,税理士業,開業税理士,無,無
402,依田　文雄,61,国税庁関東信越国税局宇都宮税務署長,国税,2023-07-09,2024-05-28,佐久浅間農業協同組合,生産振興事業、農畜産物販売事業、金融事業等,監事,無,無
403,永田　寛幸,59,国税庁徴収部長,国税,2023-07-10,2024-04-01,学校法人立教学院,教育・研究,立教大学大学院経済学研究科特任教授,無,無
404,永田　寛幸,59,国税庁徴収部長,国税,2023-07-10,2024-07-01,公益財団法人資本市場研究会,資本市場に関する調査・研究、提言・広報、研修事業等,常務理事,無,無
405,永田　寛幸,59,国税庁徴収部長,国税,2023-07-10,2025-03-10,大森建設株式会社,建設業,顧問,無,無
406,三宅　啓介,59,国税庁長官官房付,国税,2023-08-01,2024-05-23,アイリス税理士法人,税理士業,社員税理士,無,無
407,錦織　功政,54,財務省大臣官房付,財務省,2023-12-19,2024-08-01,自営業,コンサルタント業務,-,無,無
408,錦織　功政,54,財務省大臣官房付,財務省,2023-12-19,2024-11-01,株式会社FPパートナー,保険代理店業務,執行役員業務品質部長,無,無
409,井上　浩,60,関東財務局総務部長,総務省,2024-03-31,2024-06-27,青木信用金庫,金融業,常勤監事,無,無
410,菊地　正洋,59,関東財務局総務部部付,総務省,2024-03-31,2024-06-26,瀧野川信用金庫,金融業,常勤監事,無,無
411,高橋　達也,60,国税庁長官官房付,国税,2024-03-31,2024-06-26,高橋達也税理士事務所,税理士業,開業税理士,無,無
412,高橋　達也,60,国税庁長官官房付,国税,2024-03-31,2024-08-01,株式会社ImpactEAST,コンサルタント業,東京出張所従業員,無,無
413,前田　賢二,60,財務省会計センター研修部長,財務省,2024-03-31,2024-07-01,一般社団法人地域循環共生社会連携協会,脱炭素社会の創出に資する事業等,事務部部長（補助事業執行担当）,無,無
414,柳澤　聡,60,国税庁課税部課税総括課審理室国税争訟分析官（札幌国税不服審判所長）,国税,2024-03-31,2024-04-01,YDK日本橋税理士事務所,税理士業,事務員,無,無
415,柳澤　聡,60,国税庁課税部課税総括課審理室国税争訟分析官（札幌国税不服審判所長）,国税,2024-03-31,2024-04-01,学校法人千葉学園,教育・研究,千葉商科大学大学院会計ファイナンス科客員教授,無,無
416,柳澤　聡,60,国税庁課税部課税総括課審理室国税争訟分析官（札幌国税不服審判所長）,国税,2024-03-31,2024-06-26,YDK日本橋税理士事務所,税理士業,所属税理士,無,無
417,吉川　和人,60,財務省主計局司計課会計監査調整室長,財務省,2024-03-31,2024-06-15,公益財団法人結核予防会複十字病院,医療事業,事務部部付部長,無,無
418,吉德　光男,60,財務省主計局局付,財務省,2024-03-31,2024-04-02,熱海市,地方公務,副市長,無,無
419,辻　庄市,60,財務省大臣官房付,財務省,2024-04-01,2024-12-01,自営業,コンサルティング業務,-,無,無
420,上良　睦彦,59,国税庁徴収部長,国税,2024-04-26,2024-06-20,株式会社カプコン,ゲーム機器、ソフトウェア等の企画・開発・製造・販売,監査等委員である取締役,無,無
421,平岡　聡,59,財務省大臣官房付,財務省,2024-04-26,2024-05-01,京都中央信用金庫,金融業,執行役員地域創生部長,無,無
422,平岡　聡,59,財務省大臣官房付,財務省,2024-04-26,2024-06-24,京都中央信用金庫,金融業,理事 兼 地域創生部長,無,無
423,香月　真治,60,財務省大臣官房付,財務省,2024-05-10,2024-06-03,デジタル庁,国家公務,統括官付参事官付企画官,無,無
424,朝倉　有文,59,国税庁大阪国税局総務部付,総務省,2024-05-17,2024-06-04,カナフレックスコーポレーション株式会社,電設資材、土木用資材及び建材の製造販売,部長,無,無
425,畑山　世一,59,財務省大臣官房付,財務省,2024-06-18,2024-06-25,近畿労働金庫,金融業,常勤監事,無,無
426,小原　広之,59,財務省大臣官房付,財務省,2024-06-21,2025-01-01,公益財団法人生命保険文化センター,生命保険に関する知識の普及啓発・情報提供活動等,嘱託,無,無
427,富田　博之,58,国税庁名古屋国税局総務部付,総務省,2024-06-25,2025-02-17,税理士法人felicia,税理士業,名古屋オフィスアルバイト,無,無
428,岩井　俊介,58,財務総合政策研究所資料情報部長,財務省,2024-06-30,2024-07-01,株式会社四国銀行,金融業,地域イノベーション部アドバイザー,無,無
429,内之倉　進,59,財務省主計局局付,財務省,2024-06-30,2024-09-01,富士通株式会社,通信機器・装置・システムの製造及び販売等,シニアアドバイザー,無,無
430,松永　秀樹,60,財務省会計センター次長,財務省,2024-06-30,2024-10-01,一般社団法人温室効果ガス審査協会,温室効果ガスの排出等に関する審査事業等,総務部長,無,無
431,青山　繁俊,59,税関研修所副所長,税関,2024-07-01,2024-09-01,三井物産株式会社,総合商社,関税審議役,無,無
432,明石　勝哉,56,近畿財務局総務部部付,総務省,2024-07-01,2024-07-24,一般社団法人大阪府信用組合協会,信用組合の業務の改善及びその発展を図るための事業,専務理事,無,無
433,有田　直人,60,門司税関業務部長,税関,2024-07-01,2024-10-01,福岡国際空港株式会社,空港運営事業等,調査役,無,無
434,粟野　節夫,59,関東財務局理財部金融監督官,財務省,2024-07-01,2024-10-01,足利小山信用金庫,金融業,リスク統括室顧問,無,無
435,五十嵐　一成,59,東京税関総務部部付,総務省,2024-07-01,2024-09-01,全日本空輸株式会社,航空運送事業等,調査役,無,無
436,伊藤　正人,59,東京税関総務部部付,総務省,2024-07-01,2024-10-01,本田技研工業株式会社,自動車等製造販売,顧問,無,無
437,岩城　伸彦,59,大阪税関大阪外郵出張所長,税関,2024-07-01,2024-10-01,株式会社ナカムラロジスティクス,海外フォワーダー業務、荷役業務、倉庫（保管）業務、通関業務等,嘱託（調査役）,無,無
438,上杉　幸雄,59,大阪税関京都税関支署長,税関,2024-07-01,2024-09-01,大阪通関業会,通関業務等に関する調査、研究、情報収集等,常務理事,無,無
439,宇佐美　忍,59,東京税関監視部長,税関,2024-07-01,2024-09-01,日本空港ビルデング株式会社,空港ビル管理等,審議役,無,無
440,小柳津　博,61,近畿財務局金融安定監理官,財務省,2024-07-01,2024-07-25,一般社団法人静岡県信用金庫協会,静岡県内の信用金庫の健全な発展を図るための事業,事務局長,無,無
441,小柳津　博,61,近畿財務局金融安定監理官,財務省,2024-07-01,2024-10-31,一般社団法人静岡県信用金庫協会,静岡県内の信用金庫の健全な発展を図るための事業,常務理事,無,無
442,笠川　隆博,59,財務省大臣官房付,財務省,2024-07-01,2024-10-01,大阪通関業会,通関業務等に関する調査、研究、情報収集等,専務理事,無,無
443,笠川　隆博,59,財務省大臣官房付,財務省,2024-07-01,2024-10-01,不二製油株式会社,植物性油脂、業務用チョコレート、乳化・発酵素材、大豆加工素材の事業に関する食品の開発製造販売,嘱託,無,無
444,菊池　功三,60,神戸税関監視部長,税関,2024-07-01,2024-10-01,豊田通商株式会社,各種物品の国内取引、輸出入取引等,物流部貿易コンプラ・化学物質管理グループ部長補,無,無
445,北島　伸彦,60,門司税関総務部部付,総務省,2024-07-01,2024-09-01,日本通運株式会社,輸送、倉庫、通関業等の物流事業全般及び関連事業,福岡航空支店調査役,無,無
446,木屋　一浩,59,東京税関総務部部付,総務省,2024-07-01,2024-09-01,一般財団法人日本貿易関係手続簡易化協会,貿易手続の簡易化等に係る調査研究、国際機関等との連携・協力等,コード部部長,無,無
447,黒木　清,60,神戸税関六甲アイランド出張所長,税関,2024-07-01,2024-09-01,多木物流株式会社,一般港湾運送事業、港湾荷役事業、倉庫業、通関業等,顧問,無,無
448,黒木　清,60,神戸税関六甲アイランド出張所長,税関,2024-07-01,2024-09-01,神戸通関業会,通関業務等に関する調査、研究、情報収集等,常務理事,無,無
449,黒木　利幸,59,門司税関博多税関支署長,税関,2024-07-01,2024-10-01,日産自動車株式会社,自動車製造・販売業,サプライチェーンマネジメント本部日本物流部車両物流グループ副長,無,無
450,小阪　好洋,61,財務省大臣官房付,財務省,2024-07-01,2024-09-01,公益財団法人日本関税協会,貿易と関税に関する調査研究・提言事業、普及・啓発事業、教育・研修事業等,知的財産情報センター事務局長,無,有
451,五島　拓也,60,横浜税関川崎外郵出張所長,税関,2024-07-01,2024-10-01,株式会社オリエンタルランド,テーマパーク事業の運営,理事,無,無
452,斎藤　誉,58,東海財務局総務部次長,総務省,2024-07-01,2024-11-19,一般社団法人東海地区信用金庫協会,東海地区の信用金庫の健全な発展を図るための事業,事務局長,無,無
453,佐藤　誠司,59,横浜税関本牧埠頭出張所長,税関,2024-07-01,2024-10-01,公益財団法人日本関税協会,貿易と関税に関する調査研究・提言事業、普及・啓発事業、教育・研修事業等,横浜支部事務局長,無,有
454,佐藤　尚武,60,東京税関総務部部付,総務省,2024-07-01,2024-09-01,国際空港上屋株式会社,国際航空貨物の取扱い（仕分け、照合、点検等）及び保管等,法令監査室顧問,無,無
455,塩﨑　真治,60,東海財務局管財部次長,財務省,2024-07-01,2024-11-01,安藤証券株式会社,証券業,管理部長,無,無
456,杉浦　竜二,60,名古屋税関西部出張所長,税関,2024-07-01,2024-10-01,株式会社テクノ中部,発電設備等の工事・運転及び保守管理等、運送業、通関業及び船舶代理店業,専任部長,無,無
457,杉田　真一郎,60,門司税関福岡空港税関支署長,税関,2024-07-01,2024-10-01,日本通運株式会社,輸送、倉庫、通関業等の物流事業全般及び関連事業,門司海運支店調査役,無,無
458,髙橋　幸喜,59,横浜税関業務部長,税関,2024-07-01,2024-10-01,横浜通関業会,通関業務等に関する調査、研究、情報収集等,顧問,無,無
459,髙橋　幸喜,59,横浜税関業務部長,税関,2024-07-01,2024-11-01,横浜通関業会,通関業務等に関する調査、研究、情報収集等,常務理事,無,無
460,髙橋　智,59,関東財務局総務部部付,総務省,2024-07-01,2024-10-01,日本貸金業協会,貸金業者の業務の適正な運営の確保,審議役,無,有
461,滝沢　里,60,東京税関成田航空貨物出張所次長,税関,2024-07-01,2024-09-01,冨士運輸株式会社,輸送、倉庫業、通関業等,顧問,無,無
462,田中　徹,60,東京税関大井出張所長,税関,2024-07-01,2024-09-01,丸紅株式会社,総合商社,コンプライアンス統括部部長補佐,無,無
463,田中　文朗,59,神戸税関総務部部付,総務省,2024-07-01,2024-09-01,加藤海運株式会社,海運業、港湾運送事業、通関業、倉庫業等,参与,無,無
464,田中　文朗,59,神戸税関総務部部付,総務省,2024-07-01,2024-10-01,川崎重工業株式会社,船舶、鉄道車両、航空機、宇宙機器、ジェットエンジン、各種エネルギー設備等の製造販売,顧問,無,無
465,富岡　義之,59,大阪税関堺税関支署長,税関,2024-07-01,2024-10-01,新洋海運株式会社,国際輸送、通関、倉庫・配送等,嘱託（参与）,無,無
466,中川　秀夫,60,名古屋税関業務部長,税関,2024-07-01,2024-10-01,名古屋通関業会,通関業務等に関する調査、研究、情報収集等,専務理事,無,無
467,中島　和正,60,財務省大臣官房厚生管理官,財務省,2024-07-01,2024-09-01,富士通株式会社,通信機器・装置・システムの製造及び販売等,シニアアドバイザー,無,無
468,長野　収,59,神戸税関調査部次長,税関,2024-07-01,2024-10-01,株式会社住友倉庫,倉庫業、港湾運送業、通関業等,嘱託社員,無,無
469,中野　公彦,59,門司税関総務部部付,総務省,2024-07-01,2024-10-01,相互運輸株式会社,荷役、通関、倉庫、陸送等港湾運送業務,監査部調査役,無,無
470,縫　武寿,59,大阪税関監視部長,税関,2024-07-01,2024-09-01,鴻池運輸株式会社,港湾運送事業、貨物利用運送事業、倉庫業、通関業等,国際物流関西支店長付,無,無
471,橋本　信仁,59,東京税関総務部部付,総務省,2024-07-01,2024-09-02,一般社団法人日本通関業連合会,通関業の健全な発展を図るための調査・研究、通関業務に関する調査研究・相談、通関業務に関する研修会・講演会・国際会議の実施等,研修部長,無,無
472,蜂谷　和則,60,財務省大臣官房付,財務省,2024-07-01,2024-08-19,ヒロタグループホールディングス株式会社,コンサルティング業,経営管理室室長,無,無
473,原　美晴,60,関東財務局総務部部付,総務省,2024-07-01,2024-10-01,佐原信用金庫,金融業,経営企画部審議役,無,無
474,藤田　知昭,59,東京税関業務部次長,税関,2024-07-01,2024-10-01,株式会社OCS,国際輸送サービス業、通関業等,顧問,無,無
475,布施　航,59,大阪税関調査部長,税関,2024-07-01,2024-10-01,ニデック株式会社,精密小型モータ、車載及び家電・商業・産業用モータ、機器装置、電子・光学部品、その他開発・製造・販売,嘱託（主幹）,無,無
476,増田　哲也,59,名古屋税関四日市税関支署長,税関,2024-07-01,2024-10-01,株式会社近鉄エクスプレス,貨物利用運送事業（航空、海上、鉄道）、航空運送代理店業、通関業、倉庫業等,調査役,無,無
477,升平　弘美,59,財務省大臣官房付,財務省,2024-07-01,2024-09-01,日本空港ビルデング株式会社,空港ビル管理等,審議役,無,無
478,水野　耕一,59,名古屋税関監視部長,税関,2024-07-01,2024-10-01,公益財団法人日本関税協会,貿易と関税に関する調査研究・提言事業、普及・啓発事業、教育・研修事業等,嘱託職員（名古屋支部事務局長）,無,有
479,簑和田　広行,59,東京税関東京外郵出張所長,税関,2024-07-01,2024-10-01,株式会社近鉄エクスプレス,貨物利用運送事業（航空、海上、鉄道）、航空運送代理店業、通関業、倉庫業等,調査役,無,無
480,本山　由史,60,神戸税関総務部次長,総務省,2024-07-01,2024-10-01,神鋼物流株式会社,通関業、倉庫業、港湾運送業等,主任部員,無,無
481,森　昌己,59,名古屋税関調査部次長,税関,2024-07-01,2024-10-01,トヨフジ海運株式会社,海上運送、船内・沿岸荷役、通関及び自動車運送取扱等に関する事業,嘱託社員（シニアアドバイザー）,無,無
482,山口　清光,58,近畿財務局京都財務事務所長,財務省,2024-07-01,2024-07-02,尼崎信用金庫,金融業,執行役員監査部担当,無,有
483,伊野　彰洋,59,財務省大臣官房付,財務省,2024-07-05,2024-11-11,一般社団法人投資信託協会,投資信託委託会社等を会員とする金融商品取引法上の自主規制機関,参与,無,無
484,大内　聡,59,財務省大臣官房付,財務省,2024-07-05,2024-10-01,株式会社シーラテクノロジーズ,資産運用プラットフォームの提供、AI開発等,顧問,無,無
485,大内　聡,59,財務省大臣官房付,財務省,2024-07-05,2024-10-01,株式会社ジャパンM&Aインキュベーション,コンサルティング業,顧問,無,無
486,大内　聡,59,財務省大臣官房付,財務省,2024-07-05,2024-10-01,自営業,コンサルタント業務,-,無,無
487,大内　聡,59,財務省大臣官房付,財務省,2024-07-05,2024-12-01,株式会社栄農人,農業生産、加工、青果卸等,顧問,無,無
488,大久保　誠,59,財務省大臣官房付,財務省,2024-07-05,2024-09-01,一般財団法人民間都市開発推進機構,民間都市開発事業を推進するための援助の実施、都市開発分野における調査研究等,参与（監査）,無,無
489,源新　英明,59,財務省大臣官房付,財務省,2024-07-05,2025-01-01,JPインベストメント株式会社,投資運用業,統括役（エグゼクティブアドバイザー）,無,無
490,児玉　光載,60,財務省大臣官房付,財務省,2024-07-05,2024-09-17,フィンテックグローバル株式会社,投資銀行事業等,事業開発本部特別参与,無,無
491,住澤　整,58,国税庁長官,国税,2024-07-05,2024-10-16,長島・大野・常松法律事務所,弁護士業,顧問,無,無
492,住澤　整,58,国税庁長官,国税,2024-07-05,2024-11-01,自営業,コンサルタント業務,-,無,無
493,住澤　整,58,国税庁長官,国税,2024-07-05,2025-01-24,メディカル・マネジメント・プランニング・グループ,医業経営コンサルタント,参与,無,無
494,茶谷　栄治,61,財務事務次官,財務省,2024-07-05,2024-11-01,フォートレス・インベストメント・グループ・ジャパン合同会社,投資運用業務,シニアアドバイザー,無,無
495,茶谷　栄治,61,財務事務次官,財務省,2024-07-05,2024-11-01,みずほリサーチ&テクノロジーズ株式会社,調査研究,理事長,無,無
496,茶谷　栄治,61,財務事務次官,財務省,2024-07-05,2025-01-01,西村あさひ法律事務所・外国法共同事業,弁護士業,顧問,無,無
497,茶谷　栄治,61,財務事務次官,財務省,2024-07-05,2025-01-23,西村あさひ法律事務所・外国法共同事業,弁護士業,顧問（オブカウンセル）,無,無
498,茶谷　栄治,61,財務事務次官,財務省,2024-07-05,2025-02-01,コンソナント・インベストメント・マネジメント株式会社,不動産金融に関する投資運用,シニアアドバイザー,無,無
499,富山　一成,60,財務省大臣官房付,財務省,2024-07-05,2025-02-01,一般社団法人第二地方銀行協会,会員の業務改善に関する調査研究、金融及び経済に関する調査研究等,参与,無,無
500,武藤　功哉,58,財務省大臣官房付,財務省,2024-07-05,2024-12-01,デロイトトーマツ税理士法人,税理士業,パートナー,無,無
501,渡部　晶,60,財務省会計センター所長,財務省,2024-07-05,2024-12-01,三菱重工業株式会社,エナジー、プラント・インフラ、物流・冷熱・ドライブシステム、航空・防衛・宇宙に係る事業,顧問,無,無
502,武士俣　隆介,41,財務省大臣官房企画官,財務省,2024-07-08,2024-07-16,アンダーソン・毛利・友常法律事務所外国法共同事業,弁護士業,アソシエイト弁護士,無,無
503,足立　道夫,60,国税庁広島国税局広島東税務署長,国税,2024-07-10,2024-08-22,足立道夫税理士事務所,税理士業,開業税理士,無,無
504,穴澤　靖,61,国税庁東京国税局甲府税務署長,国税,2024-07-10,2024-08-22,穴澤靖税理士事務所,税理士業,開業税理士,無,無
505,阿部　輝男,61,国税庁東京国税局新宿税務署長,国税,2024-07-10,2024-08-05,税理士法人江本＆パートナーズ,税理士業,事務員,無,無
506,阿部　輝男,61,国税庁東京国税局新宿税務署長,国税,2024-07-10,2024-09-24,税理士法人江本&パートナーズ,税理士業,丸の内東京本部所属税理士,無,無
507,尼﨑　和朗,60,国税庁福岡国税局長崎税務署長,国税,2024-07-10,2024-08-22,尼﨑和朗税理士事務所,税理士業,開業税理士,無,無
508,池田　龍太郎,60,国税庁東京国税局緑税務署長,国税,2024-07-10,2024-08-22,池田龍太郎税理士事務所,税理士業,開業税理士,無,無
509,池戸　哲郎,61,国税庁名古屋国税局中川税務署長,国税,2024-07-10,2024-09-24,池戸哲郎税理士事務所,税理士業,開業税理士,無,無
510,池戸　哲郎,61,国税庁名古屋国税局中川税務署長,国税,2024-07-10,2024-10-01,小原泰史税理士事務所,税理士業,所属税理士,無,無
511,井坂　好孝,61,国税庁名古屋国税局名古屋中税務署長,国税,2024-07-10,2024-09-24,井坂好孝税理士事務所,税理士業,開業税理士,無,無
512,石橋　史祥,61,国税庁東京国税局練馬西税務署長,国税,2024-07-10,2024-08-22,石橋史祥税理士事務所,税理士業,開業税理士,無,無
513,石橋　史祥,61,国税庁東京国税局練馬西税務署長,国税,2024-07-10,2024-10-01,税理士法人ヒイラギ,税理士業,社員税理士,無,無
514,板倉　弘至,60,国税庁東京国税局渋谷税務署長,国税,2024-07-10,2024-08-22,板倉弘至税理士事務所,税理士業,開業税理士,無,無
515,板倉　弘至,60,国税庁東京国税局渋谷税務署長,国税,2024-07-10,2024-09-01,税理士法人大手町トラスト,税理士業,顧問,無,無
516,今村　宏嗣,60,国税庁東京国税局西新井税務署長,国税,2024-07-10,2024-08-22,今村宏嗣税理士事務所,税理士業,開業税理士,無,無
517,岩松　久人,60,国税庁福岡国税局徴収部長,国税,2024-07-10,2024-08-22,佐藤祐一税理士事務所,税理士業,所属税理士,無,無
518,植木　伸二,61,国税庁大阪国税局中京税務署長,国税,2024-07-10,2024-08-22,植木伸二税理士事務所,税理士業,開業税理士,無,無
519,上野　英二,60,国税庁熊本国税局大分税務署長,国税,2024-07-10,2024-09-24,上野英二税理士事務所,税理士業,開業税理士,無,無
520,上野　英二,60,国税庁熊本国税局大分税務署長,国税,2024-07-10,2024-12-23,有限会社ケイエイシー会計,会計記帳事務等,代表取締役,無,無
521,植松　浩行,60,国税庁福岡国税局課税第二部長,国税,2024-07-10,2024-08-22,税理士法人ASPIRE,税理士業,諫早オフィス社員税理士,無,無
522,植山　隆幸,60,国税庁大阪国税局徴収部長,国税,2024-07-10,2024-09-24,関一也税理士事務所,税理士業,所属税理士,無,無
523,梅川　和哉,60,国税庁高松国税局調査査察部長,国税,2024-07-10,2024-08-01,合同会社オフィスUK,財務・会計サービス業,代表社員,無,無
524,梅川　和哉,60,国税庁高松国税局調査査察部長,国税,2024-07-10,2024-09-24,梅川和哉税理士事務所,税理士業,開業税理士,無,無
525,梅川　和哉,60,国税庁高松国税局調査査察部長,国税,2024-07-10,2024-10-01,株式会社星電,空調、衛生設備工事の施工業,監査役,無,無
526,大澤　由美子,60,国税庁東京国税局東金税務署長,国税,2024-07-10,2024-12-20,ヒルトップ税理士法人,税理士業,事務員,無,無
527,大澤　由美子,60,国税庁東京国税局東金税務署長,国税,2024-07-10,2025-03-25,ヒルトップ税理士法人,税理士業,所属税理士,無,無
528,大隅　秀樹,61,国税庁名古屋国税局浜松東税務署長,国税,2024-07-10,2024-07-29,株式会社いちぐうテラス,福祉住環境のコーディネート業,代表取締役,無,無
529,大隅　秀樹,61,国税庁名古屋国税局浜松東税務署長,国税,2024-07-10,2024-09-24,大隅秀樹税理士事務所,税理士業,開業税理士,無,無
530,大関　吉則,60,国税庁東京国税局千葉東税務署長,国税,2024-07-10,2024-08-22,大関吉則税理士事務所,税理士業,開業税理士,無,無
531,大竹　泰彦,61,国税庁関東信越国税局浦和税務署長,国税,2024-07-10,2024-09-24,大竹泰彦税理士事務所,税理士業,開業税理士,無,無
532,大西　孝幸,60,国税庁大阪国税局和歌山税務署長,国税,2024-07-10,2024-08-22,武田俊彦税理士事務所,税理士業,所属税理士,無,無
533,大橋　輝久,60,国税庁札幌国税局課税部長,国税,2024-07-10,2024-08-22,大橋輝久税理士事務所,税理士業,開業税理士,無,無
534,大橋　輝久,60,国税庁札幌国税局課税部長,国税,2024-07-10,2024-11-01,税理士法人アグス,税理士業,平岸オフィス社員税理士,無,無
535,小川　勝弘,60,国税庁関東信越国税局川越税務署長,国税,2024-07-10,2024-07-11,自営,不動産賃貸,-,無,無
536,小川　勝弘,60,国税庁関東信越国税局川越税務署長,国税,2024-07-10,2024-09-24,小川勝弘税理士事務所,税理士業,開業税理士,無,無
537,梶原　忍,60,国税庁東京国税局日本橋税務署長,国税,2024-07-10,2024-08-22,梶原忍税理士事務所,税理士業,開業税理士,無,無
538,加藤　千博,60,国税庁長官官房付,国税,2024-07-10,2024-09-02,余田幹男税理士事務所,税理士業,事務員,無,無
539,加藤　千博,60,国税庁長官官房付,国税,2024-07-10,2024-10-23,余田幹男税理士事務所,税理士業,所属税理士,無,無
540,加藤　千博,60,国税庁長官官房付,国税,2024-07-10,2025-02-01,加藤千博税理士事務所,税理士業,開業税理士,無,無
541,加藤　敏博,61,国税庁大阪国税局堺税務署長,国税,2024-07-10,2024-08-22,加藤敏博税理士事務所,税理士業,開業税理士,無,無
542,金田　倫之,60,国税庁東京国税局船橋税務署長,国税,2024-07-10,2024-08-22,金田倫之税理士事務所,税理士業,開業税理士,無,無
543,金田　倫之,60,国税庁東京国税局船橋税務署長,国税,2024-07-10,2025-01-01,辻・本郷税理士法人,税理士業,西新宿事務所顧問,無,無
544,加納　直人,60,国税庁大阪国税局神戸税務署長,国税,2024-07-10,2024-08-22,加納直人税理士事務所,税理士業,開業税理士,無,無
545,川端　正晃,60,国税庁大阪国税局阿倍野税務署長,国税,2024-07-10,2025-01-23,川端正晃税理士事務所,税理士業,開業税理士,無,無
546,北川　健司,60,国税庁名古屋国税局岐阜北税務署長,国税,2024-07-10,2024-09-24,北川健司税理士事務所,税理士業,開業税理士,無,無
547,城戸　計子,60,国税庁名古屋国税局大垣税務署長,国税,2024-07-10,2024-09-24,城戸孝輔税理士事務所,税理士業,所属税理士,無,無
548,木村　晃英,60,国税庁名古屋国税局熱田税務署長,国税,2024-07-10,2024-09-24,木村晃英税理士事務所,税理士業,開業税理士,無,無
549,草薙　雅弘,61,国税庁広島国税局徴収部長,国税,2024-07-10,2024-08-22,草薙雅弘税理士事務所,税理士業,開業税理士,無,無
550,草薙　雅弘,61,国税庁広島国税局徴収部長,国税,2024-07-10,2025-02-20,株式会社はなおか,食肉卸売・小売業,社外取締役,無,無
551,工藤　克宜,59,国税庁長官官房付,国税,2024-07-10,2024-09-01,学校法人明海大学,教育・研究,明海大学経済学部教授,無,無
552,窪田　悟嗣,60,国税庁東京国税局調査第四部長,国税,2024-07-10,2024-08-22,窪田悟嗣税理士事務所,税理士業,開業税理士,無,無
553,黒田　豊,61,国税庁大阪国税局右京税務署長,国税,2024-07-10,2024-08-22,黒田豊税理士事務所,税理士業,開業税理士,無,無
554,黒柳　智,60,国税庁名古屋国税局多治見税務署長,国税,2024-07-10,2024-09-24,黒柳智税理士事務所,税理士業,開業税理士,無,無
555,黒柳　智,60,国税庁名古屋国税局多治見税務署長,国税,2024-07-10,2024-11-01,税理士法人名北会計,税理士業,所属税理士,無,無
556,河之口　幹夫,61,国税庁名古屋国税局課税第二部長,国税,2024-07-10,2024-09-24,河之口幹夫税理士事務所,税理士業,開業税理士,無,無
557,小宮山　千代子,61,国税庁関東信越国税局高崎税務署長,国税,2024-07-10,2024-08-19,堀越倫世税理士事務所,税理士業,顧問,無,無
558,小宮山　千代子,61,国税庁関東信越国税局高崎税務署長,国税,2024-07-10,2024-09-24,小宮山敬光税理士事務所,税理士業,所属税理士,無,無
559,小宮山　千代子,61,国税庁関東信越国税局高崎税務署長,国税,2024-07-10,2024-10-01,アスター税理士法人,税理士業,顧問,無,無
560,小宮山　千代子,61,国税庁関東信越国税局高崎税務署長,国税,2024-07-10,2024-11-01,アスター税理士法人,税理士業,社員税理士,無,無
561,阪　正浩,60,国税庁高松国税局高知税務署長,国税,2024-07-10,2024-12-18,青木裕介税理士事務所,税理士業,所属税理士,無,無
562,櫻田　高士,61,国税庁名古屋国税局浜松西税務署長,国税,2024-07-10,2024-07-24,株式会社STAGE,モデル・タレントに関するマネジメント業,所属タレント,無,無
563,櫻田　高士,61,国税庁名古屋国税局浜松西税務署長,国税,2024-07-10,2024-09-03,丸八興業株式会社,人材派遣業、ビルメンテナンス業,契約社員,無,無
564,佐合　一信,61,国税庁名古屋国税局昭和税務署長,国税,2024-07-10,2024-07-11,自営業,不動産賃貸業,-,無,無
565,佐合　一信,61,国税庁名古屋国税局昭和税務署長,国税,2024-07-10,2024-09-06,槌屋ヤック株式会社,自動車用品等の製造、販売,非常勤監査役,無,無
566,佐合　一信,61,国税庁名古屋国税局昭和税務署長,国税,2024-07-10,2024-09-24,佐合一信税理士事務所,税理士業,開業税理士,無,無
567,佐々木　匡之,61,国税庁仙台国税局仙台北税務署長,国税,2024-07-10,2024-09-24,佐々木匡之税理士事務所,税理士業,開業税理士,無,無
568,佐々木　裕司,61,国税庁札幌国税局帯広税務署長,国税,2024-07-10,2024-08-01,西田孝雄税理士事務所,税理士業,事務員,無,無
569,佐々木　裕司,61,国税庁札幌国税局帯広税務署長,国税,2024-07-10,2024-10-23,西田孝雄税理士事務所,税理士業,所属税理士,無,無
570,佐藤　章寿,60,国税庁広島国税局米子税務署長,国税,2024-07-10,2024-09-01,常松佳吉税理士事務所,税理士業,事務員,無,無
571,佐藤　章寿,60,国税庁広島国税局米子税務署長,国税,2024-07-10,2024-10-23,佐藤章寿税理士事務所,税理士業,開業税理士,無,無
572,佐藤　章寿,60,国税庁広島国税局米子税務署長,国税,2024-07-10,2024-10-23,常松佳吉税理士事務所,税理士業,所属税理士,無,無
573,佐藤　修,61,国税庁関東信越国税局調査査察部長,国税,2024-07-10,2024-09-24,佐藤修税理士事務所,税理士業,開業税理士,無,無
574,佐藤　晃,61,国税庁東京国税局調査第二部長,国税,2024-07-10,2024-08-22,佐藤晃税理士事務所,税理士業,開業税理士,無,無
575,佐藤　寿一,60,国税庁東京国税局麹町税務署長,国税,2024-07-10,2024-08-22,佐藤寿一税理士事務所,税理士業,開業税理士,無,無
576,佐藤　秀春,61,国税庁仙台国税局山形税務署長,国税,2024-07-10,2025-02-20,佐藤秀春税理士事務所,税理士業,開業税理士,無,無
577,佐藤　正之,60,財務省大臣官房付,財務省,2024-07-10,2024-11-01,株式会社ANA Cargo,航空貨物事業,顧問,無,無
578,鴫谷　卓郎,61,国税庁大阪国税局西宮税務署長,国税,2024-07-10,2024-08-22,鴫谷卓郎税理士事務所,税理士業,開業税理士,無,無
579,地主　聡,60,国税庁仙台国税局徴収部長,国税,2024-07-10,2024-08-01,宮城県,地方公務,税務嘱託員,無,無
580,島袋　伸,60,国税庁沖縄国税事務所那覇税務署長,国税,2024-07-10,2024-11-20,島袋伸税理士事務所,税理士業,開業税理士,無,無
581,島袋　伸,60,国税庁沖縄国税事務所那覇税務署長,国税,2024-07-10,2024-12-16,本永愼三税理士事務所,税理士業,所属税理士,無,無
582,清水　良樹,60,国税庁名古屋国税局半田税務署長,国税,2024-07-10,2024-09-24,清水良樹税理士事務所,税理士業,開業税理士,無,無
583,下道　正隆,60,国税庁札幌国税局札幌西税務署長,国税,2024-07-10,2024-10-23,下道正隆税理士事務所,税理士業,開業税理士,無,無
584,城　明男,60,国税庁広島国税局廿日市税務署長,国税,2024-07-10,2024-07-11,自営,コンサルタント業,-,無,無
585,白田　徳秀,60,国税庁東京国税局藤沢税務署長,国税,2024-07-10,2024-08-22,白田徳秀税理士事務所,税理士業,開業税理士,無,無
586,白田　徳秀,60,国税庁東京国税局藤沢税務署長,国税,2024-07-10,2024-09-01,株式会社ジーネットシステム,不動産賃貸業,社員,無,無
587,高橋　英樹,61,国税庁札幌国税局札幌南税務署長,国税,2024-07-10,2024-08-22,高橋英樹税理士事務所,税理士業,開業税理士,無,無
588,髙橋　学,60,国税庁札幌国税局釧路税務署長,国税,2024-07-10,2024-09-24,髙橋学税理士事務所,税理士業,開業税理士,無,無
589,髙橋　学,60,国税庁札幌国税局釧路税務署長,国税,2024-07-10,2024-11-27,絹川辰夫税理士事務所,税理士業,所属税理士,無,無
590,竹内　俊一,60,国税庁名古屋国税局岐阜南税務署長,国税,2024-07-10,2024-08-01,辻・本郷税理士法人,税理士業,契約社員,無,無
591,竹内　俊一,60,国税庁名古屋国税局岐阜南税務署長,国税,2024-07-10,2024-09-24,辻・本郷税理士法人,税理士業,豊橋事務所社員税理士,無,無
592,田尻　寿人,60,国税庁福岡国税局博多税務署長,国税,2024-07-10,2024-08-01,日本医療サービス株式会社,医療事業,九州地区経理部企画課長,無,無
593,但野　浩司,60,国税庁仙台国税局仙台中税務署長,国税,2024-07-10,2024-09-24,但野浩司税理士事務所,税理士業,開業税理士,無,無
594,但野　浩司,60,国税庁仙台国税局仙台中税務署長,国税,2024-07-10,2024-09-24,有限会社青山経営経理研究所,会計記帳事務,代表取締役,無,無
595,唯間　秀隆,60,国税庁広島国税局福山税務署長,国税,2024-07-10,2024-08-22,唯間秀隆税理士事務所,税理士業,開業税理士,無,無
596,田中　厚,61,国税庁関東信越国税局春日部税務署長,国税,2024-07-10,2024-09-18,初谷建設株式会社,建設業,監査役,無,無
597,田中　厚,61,国税庁関東信越国税局春日部税務署長,国税,2024-07-10,2024-09-24,田中厚税理士事務所,税理士業,開業税理士,無,無
598,谷内　二郎,60,財務省理財局局付,財務省,2024-07-10,2024-10-01,東京地下鉄株式会社,旅客鉄道事業,経営企画本部経営管理部調査役,無,無
599,千葉　治彦,60,国税庁仙台国税局仙台南税務署長,国税,2024-07-10,2024-09-24,税理士法人アビーナリーマネジメント,税理士業,社員税理士,無,無
600,辻　和伸,61,国税庁高松国税局徳島税務署長,国税,2024-07-10,2024-07-29,シュヴァルラパン合同会社,財務・会計サービス業,代表社員,無,無
601,辻　和伸,61,国税庁高松国税局徳島税務署長,国税,2024-07-10,2024-09-24,辻和伸税理士事務所,税理士業,開業税理士,無,無
602,土井　康行,60,財務省大臣官房付,財務省,2024-07-10,2024-11-01,第一生命保険株式会社,保険事業,公法人部顧問,無,無
603,長野　聡,60,国税庁東京国税局練馬東税務署長,国税,2024-07-10,2024-10-01,日本洋酒酒造組合,酒税の円滑な納税促進と酒類業界の安定及び発展に資する事業,事務局長,無,無
604,長野　聡,60,国税庁東京国税局練馬東税務署長,国税,2024-07-10,2024-10-01,日本ワイナリー協会,日本ワイン業界の発展と会員の親睦に関する業務,事務局長,無,無
605,長野　康宏,61,国税庁福岡国税局香椎税務署長,国税,2024-07-10,2024-08-22,長野康宏税理士事務所,税理士業,開業税理士,無,無
606,中之薗　裕司,60,国税庁大阪国税局枚方税務署長,国税,2024-07-10,2024-08-22,中之薗裕司税理士事務所,税理士業,開業税理士,無,無
607,新井場　敏勝,60,国税庁仙台国税局盛岡税務署長,国税,2024-07-10,2024-08-01,株式会社佐々木会計事務所,記帳代行業,取締役,無,無
608,新井場　敏勝,60,国税庁仙台国税局盛岡税務署長,国税,2024-07-10,2024-08-01,佐々木德先税理士事務所,税理士業,事務員,無,無
609,新井場　敏勝,60,国税庁仙台国税局盛岡税務署長,国税,2024-07-10,2024-09-24,佐々木德先税理士事務所,税理士業,所属税理士,無,無
610,西川　進,60,国税庁広島国税局課税第一部長,国税,2024-07-10,2024-08-22,西川進税理士事務所,税理士業,開業税理士,無,無
611,西野　武,60,国税庁東京国税局品川税務署長,国税,2024-07-10,2024-08-22,西野武税理士事務所,税理士業,開業税理士,無,無
612,西原　信一郎,60,国税庁関東信越国税局徴収部長,国税,2024-07-10,2024-09-24,西原信一郎税理士事務所,税理士業,開業税理士,無,無
613,野﨑　隆範,59,国税庁長官官房総務課監督評価官室名古屋派遣監督評価官室長,総務省,2024-07-10,2024-09-24,野﨑隆範税理士事務所,税理士業,開業税理士,無,無
614,野原　久照,60,国税庁大阪国税局南税務署長,国税,2024-07-10,2025-01-23,野原久照税理士事務所,税理士業,開業税理士,無,無
615,野平　雄二,60,国税庁大阪国税局龍野税務署長,国税,2024-07-10,2024-07-22,公益社団法人相生納税協会,税務知識の普及と納税意識の高揚に資する各種事業等,専務理事,無,無
616,野平　雄二,60,国税庁大阪国税局龍野税務署長,国税,2024-07-10,2024-10-23,野平雄二税理士事務所,税理士業,開業税理士,無,無
617,信本　努,61,国税庁東京国税局江戸川北税務署長,国税,2024-07-10,2024-08-22,信本努税理士事務所,税理士業,開業税理士,無,無
618,信本　努,61,国税庁東京国税局江戸川北税務署長,国税,2024-07-10,2024-10-31,MAC&BPミッドランド税理士法人,税理士業,東京日本橋オフィス顧問,無,無
619,野村　浩一,61,国税庁大阪国税局東税務署長,国税,2024-07-10,2024-08-22,野村浩一税理士事務所,税理士業,開業税理士,無,無
620,野村　尚史,61,国税庁東京国税局荏原税務署長,国税,2024-07-10,2024-08-22,野村尚史税理士事務所,税理士業,開業税理士,無,無
621,橋本　彩子,60,国税庁広島国税局倉敷税務署長,国税,2024-07-10,2024-09-02,地方独立行政法人広島市立病院機構,医療事業,事務員,無,無
622,橋本　盛夫,60,国税庁東京国税局目黒税務署長,国税,2024-07-10,2024-08-22,橋本盛夫税理士事務所,税理士業,開業税理士,無,無
623,長谷川　清彦,60,国税庁金沢国税局調査査察部長,国税,2024-07-10,2024-09-24,長谷川清彦税理士事務所,税理士業,開業税理士,無,無
624,漢　昭弘,61,国税庁東京国税局課税第二部長,国税,2024-07-10,2024-08-22,かがやき税理士法人,税理士業,社員税理士,無,有
625,初谷　武志,59,国税庁長官官房付,国税,2024-07-10,2024-10-28,足立区,地方公務,代表監査委員,無,無
626,服部　考一朗,60,国税庁名古屋国税局調査部長,国税,2024-07-10,2024-09-24,服部考一朗税理士事務所,税理士業,開業税理士,無,無
627,馬場　靖夫,60,国税庁東京国税局鶴見税務署長,国税,2024-07-10,2024-08-01,税理士法人だいち,税理士業,事務員,無,無
628,馬場　靖夫,60,国税庁東京国税局鶴見税務署長,国税,2024-07-10,2024-09-24,税理士法人だいち,税理士業,所属税理士,無,無
629,馬場　靖夫,60,国税庁東京国税局鶴見税務署長,国税,2024-07-10,2025-01-26,医療法人向心会,医療業,監事,無,無
630,浜野　靖史,60,国税庁大阪国税局調査第二部長,国税,2024-07-10,2024-08-22,浜野靖史税理士事務所,税理士業,開業税理士,無,無
631,林　健太郎,60,国税庁名古屋国税局査察部長,国税,2024-07-10,2024-08-22,林健太郎税理士事務所,税理士業,開業税理士,無,無
632,林　訓己,60,国税庁名古屋国税局豊橋税務署長,国税,2024-07-10,2024-09-24,林訓己税理士事務所,税理士業,開業税理士,無,無
633,東山　俊雄,60,国税庁東京国税局松戸税務署長,国税,2024-07-10,2024-08-22,東山俊雄税理士事務所,税理士業,開業税理士,無,無
634,久地　正浩,60,国税庁大阪国税局伏見税務署長,国税,2024-07-10,2024-08-22,久地正浩税理士事務所,税理士業,開業税理士,無,無
635,久松　泰雄,60,国税庁福岡国税局八幡税務署長,国税,2024-07-10,2024-08-22,久松泰雄税理士事務所,税理士業,開業税理士,無,無
636,平江　誠也,60,国税庁大阪国税局豊能税務署長,国税,2024-07-10,2024-12-18,平江誠也税理士事務所,税理士業,開業税理士,無,無
637,平澤　裕紀子,60,国税庁大阪国税局門真税務署長,国税,2024-07-10,2024-08-22,平澤裕紀子税理士事務所,税理士業,開業税理士,無,無
638,平野　裕司,61,国税庁福岡国税局西福岡税務署長,国税,2024-07-10,2024-08-22,平野裕司税理士事務所,税理士業,開業税理士,無,無
639,福原　俊之,60,国税庁東京国税局横須賀税務署長,国税,2024-07-10,2024-08-22,福原俊之税理士事務所,税理士業,開業税理士,無,無
640,藤岡　龍二,60,国税庁福岡国税局福岡税務署長,国税,2024-07-10,2024-08-22,藤岡龍二税理士事務所,税理士業,開業税理士,無,無
641,藤田　圭助,60,国税庁東京国税局大和税務署長,国税,2024-07-10,2024-08-22,藤田圭助税理士事務所,税理士業,開業税理士,無,無
642,藤田　一志,61,国税庁仙台国税局福島税務署長,国税,2024-07-10,2024-08-26,一般財団法人日本聖書協会,聖書の翻訳、出版、頒布等,一般職員,無,無
643,二村　眞一,61,国税庁名古屋国税局四日市税務署長,国税,2024-07-10,2025-02-20,村松昇税理士事務所,税理士業,所属税理士,無,無
644,船島　芳文,60,国税庁熊本国税局徴収部長,国税,2024-07-10,2024-09-24,船島芳文税理士事務所,税理士業,開業税理士,無,無
645,船島　芳文,60,国税庁熊本国税局徴収部長,国税,2024-07-10,2024-10-01,税理士法人和光会計事務所,税理士業,社員税理士,無,無
646,袰田　英一,60,国税庁札幌国税局札幌東税務署長,国税,2024-07-10,2024-08-22,袰田英一税理士事務所,税理士業,開業税理士,無,無
647,本間　伸幸,60,国税庁大阪国税局八尾税務署長,国税,2024-07-10,2024-10-23,本間伸幸税理士事務所,税理士業,開業税理士,無,無
648,松浦　剛,61,国税庁大阪国税局宇治税務署長,国税,2024-07-10,2024-08-22,松浦剛税理士事務所,税理士業,開業税理士,無,無
649,松沢　玲子,60,国税庁長官官房付,国税,2024-07-10,2024-09-24,松沢玲子税理士事務所,税理士業,開業税理士,無,無
650,松下　勝昭,61,国税庁名古屋国税局名古屋中村税務署長,国税,2024-07-10,2024-09-24,森下昭彦税理士事務所,税理士業,所属税理士,無,無
651,松下　滋春,60,国税庁東京国税局神奈川税務署長,国税,2024-07-10,2024-08-22,松下滋春税理士事務所,税理士業,開業税理士,無,無
652,松㠀　昌吾,61,国税庁関東信越国税局水戸税務署長,国税,2024-07-10,2024-09-24,松㠀昌吾税理士事務所,税理士業,開業税理士,無,無
653,松山　清人,59,国税庁長官官房付,国税,2024-07-10,2024-10-23,松山清人税理士事務所,税理士業,開業税理士,無,無
654,水谷　孝広,61,国税庁名古屋国税局徴収部長,国税,2024-07-10,2024-09-24,水谷孝広税理士事務所,税理士業,開業税理士,無,無
655,三宅　浩一,60,国税庁熊本国税局調査査察部長,国税,2024-07-10,2024-09-24,三宅浩一税理士事務所,税理士業,開業税理士,無,無
656,宮坂　博人,60,国税庁札幌国税局札幌中税務署長,国税,2024-07-10,2024-08-22,宮坂博人税理士事務所,税理士業,開業税理士,無,無
657,宮坂　博人,60,国税庁札幌国税局札幌中税務署長,国税,2024-07-10,2024-10-01,税理士法人ティグレパートナーズ,税理士業,札幌事務所社員税理士,無,無
658,宮﨑　潤,60,国税庁札幌国税局札幌北税務署長,国税,2024-07-10,2024-09-24,宮﨑潤税理士事務所,税理士業,開業税理士,無,無
659,宮葉　敏之,60,国税庁長官官房付,国税,2024-07-10,2024-10-23,宮葉敏之税理士事務所,税理士業,開業税理士,無,無
660,村本　正浩,60,国税庁大阪国税局奈良税務署長,国税,2024-07-10,2024-08-22,村本正浩税理士事務所,税理士業,開業税理士,無,無
661,最上　治,60,国税庁仙台国税局青森税務署長,国税,2024-07-10,2024-11-20,最上治税理士事務所,税理士業,開業税理士,無,無
662,本塚　浩二,60,国税庁金沢国税局金沢税務署長,国税,2024-07-10,2024-08-16,辻・本郷税理士法人,税理士業,契約社員,無,有
663,本塚　浩二,60,国税庁金沢国税局金沢税務署長,国税,2024-07-10,2024-09-24,辻・本郷税理士法人,税理士業,所属税理士,無,有
664,森　貞夫,60,国税庁東京国税局豊島税務署長,国税,2024-07-10,2024-08-22,森貞夫税理士事務所,税理士業,開業税理士,無,無
665,森　貞夫,60,国税庁東京国税局豊島税務署長,国税,2024-07-10,2025-01-14,税理士法人高津会計,税理士業,西日暮里支店社員税理士,無,無
666,森　文人,60,国税庁東京国税局調査第一部調査審理課国税調査官（国税庁金沢国税不服審判所長）,国税,2024-07-10,2024-08-22,森文人税理士事務所,税理士業,開業税理士,無,無
667,矢澤　昇,60,国税庁名古屋国税局豊田税務署長,国税,2024-07-10,2024-09-24,税理士法人小島税理士オフィス,税理士業,社員税理士,無,有
668,山﨑　義久,61,国税庁大阪国税局課税第一部長,国税,2024-07-10,2024-08-22,山﨑義久税理士事務所,税理士業,開業税理士,無,無
669,山田　晃央,60,国税庁東京国税局立川税務署長,国税,2024-07-10,2024-08-22,山田晃央税理士事務所,税理士業,開業税理士,無,無
670,山田　晃央,60,国税庁東京国税局立川税務署長,国税,2024-07-10,2024-09-01,株式会社ダイナム,遊技場運営事業,非常勤監査役,無,無
671,山田　博光,60,国税庁関東信越国税局総務部付,総務省,2024-07-10,2024-09-24,MMG税理士法人,税理士業,所属税理士,無,無
672,山本　茂,60,国税庁東京国税局徴収部長,国税,2024-07-10,2024-08-22,山本茂税理士事務所,税理士業,開業税理士,無,無
673,山夲　雅人,60,国税庁東京国税局町田税務署長,国税,2024-07-10,2024-08-22,山夲雅人税理士事務所,税理士業,開業税理士,無,無
674,横井　克宏,60,国税庁東京国税局王子税務署長,国税,2024-07-10,2024-08-22,横井克宏税理士事務所,税理士業,開業税理士,無,無
675,横山　隆,60,国税庁関東信越国税局課税第二部長,国税,2024-07-10,2024-09-24,横山隆税理士事務所,税理士業,開業税理士,無,無
676,吉岡　啓三,61,国税庁熊本国税局別府税務署長,国税,2024-07-10,2024-09-24,吉岡啓三税理士事務所,税理士業,開業税理士,無,無
677,吉岡　啓三,61,国税庁熊本国税局別府税務署長,国税,2024-07-10,2024-10-01,戸田強税理士事務所,税理士業,所属税理士,無,無
678,吉川　達也,60,国税庁大阪国税局明石税務署長,国税,2024-07-10,2024-08-22,吉川達也税理士事務所,税理士業,開業税理士,無,無
679,寄川　重和,60,国税庁大阪国税局泉佐野税務署長,国税,2024-07-10,2024-09-09,公益社団法人堺納税協会,税務知識の普及と納税意識の高揚に資する各種事業等,一般社員,無,無
680,渡部　高久,61,国税庁東京国税局芝税務署長,国税,2024-07-10,2024-08-22,渡部高久税理士事務所,税理士業,開業税理士,無,無
681,神田　眞人,59,財務官,財務省,2024-07-31,2024-08-01,内閣官房,国家公務,内閣官房参与,無,無
682,神田　眞人,59,財務官,財務省,2024-07-31,2025-02-24,アジア開発銀行,途上国の政府及び民間企業に対する融資等の業務,総裁,無,無
683,吉田　雄一郎,44,財務省大臣官房文書課業務改革・情報化調整官,財務省,2024-07-31,2024-08-01,LINEヤフー株式会社,インターネット上の広告事業、イーコマース事業、会員サービス事業等,ガバナンスグループ経済安全保障室付,無,無
684,青木　早苗,60,文部科学省大臣官房付,文部科学省,2023-03-31,2024-07-01,住友生命保険相互会社,生命保険業,顧問,無,無
685,安部　栄一,60,文部科学省大臣官房付,文部科学省,2023-03-31,2024-04-01,学校法人ノートルダム清心学園,教育・研究,法人事務局長,無,無
686,石田　徹,60,文化庁文化資源活用課文化政策調査分析官（文化庁文化戦略官）,文化庁,2023-03-31,2024-04-01,学校法人峯徳学園,教育・研究,埼玉学園大学参与,無,無
687,神代　浩,60,文部科学省大臣官房付,文部科学省,2023-03-31,2024-04-01,学校法人日本医科大学,教育・研究,日本獣医生命科学大学事務局長,無,無
688,斎藤　尚樹,60,文部科学省大臣官房付,文部科学省,2023-03-31,2024-07-01,国立大学法人千葉大学,教育・研究,千葉大学データサイエンスコアダイレクター・オフィス・マネージャー,無,無
689,佐伯　浩治,60,科学技術・学術政策研究所長,文部科学省,2023-03-31,2024-04-01,国立研究開発法人科学技術振興機構,科学技術の振興業務,研究開発戦略センター副センター長,無,無
690,佐々木　強,60,文部科学省大臣官房付,文部科学省,2023-03-31,2025-03-01,学校法人花園大学,教育・研究,花園大学事務局次長,無,無
691,佐藤　規朗,60,文部科学省大臣官房付,文部科学省,2023-03-31,2024-04-01,学校法人名城大学,教育・研究,東京オフィス所長,無,無
692,竹田　健児,60,文部科学省大臣官房付,文部科学省,2023-03-31,2024-07-01,国立研究開発法人日本原子力研究開発機構,原子力に関する研究、開発,嘱託職員（特任補佐）,無,無
693,西山　和徳,60,文部科学省大臣官房付,文部科学省,2023-03-31,2024-06-10,一般社団法人埼玉県知的障害児者生活サポート協会,障がい者の相談支援に係る事務,事務局長,無,無
694,渡辺　泰司,60,文部科学省大臣官房付,文部科学省,2023-03-31,2024-08-01,学校法人五島育英会,教育・研究,東京都市大学産学官連携コーディネーター,無,無
695,伯井　美徳,60,文部科学審議官,文部科学省,2023-08-08,2024-04-01,学校法人日本女子大学,教育・研究,日本女子大学シニア・アドバイザー,無,無
696,伯井　美徳,60,文部科学審議官,文部科学省,2023-08-08,2024-11-01,東京海上日動火災保険株式会社,損害保険業,顧問,無,無
697,森　晃憲,60,文部科学省研究振興局長 併任 内閣事務官（内閣官房副長官補付） 命 内閣官房健康・医療戦略室次長 命 国家安全保障会議幹事,内閣官房,2023-08-08,2024-06-01,学校法人聖心女子学院,教育・研究,常務理事,無,無
698,室谷　展寛,59,文部科学省大臣官房付,文部科学省,2023-09-09,2024-09-10,経済協力開発機構／原子力機関,原子力政策、技術に関する情報・意見交換、行政上・規制上の問題の検討、各国法の調査及び経済的側面の研究等,事務局次長,無,無
699,大場　武,60,文部科学省大臣官房付,文部科学省,2024-03-31,2024-04-01,学校法人日本赤十字学園,教育・研究,学事部長,無,無
700,金子　泰久,60,文部科学省大臣官房付,文部科学省,2024-03-31,2024-04-01,独立行政法人国立青少年教育振興機構,青少年教育に関する業務,国立立山青少年自然の家所長,無,無
701,清廣　哲之,60,文部科学省大臣官房付,文部科学省,2024-03-31,2024-04-01,学校法人大阪歯科大学,教育・研究,法人事務局長,無,無
702,桑田　悟,60,文部科学省大臣官房付,文部科学省,2024-03-31,2024-04-01,学校法人聖心女子学院,教育・研究,聖心女子大学事務局長,無,無
703,小坂　慎治,60,文部科学省大臣官房付,文部科学省,2024-03-31,2024-04-01,一般財団法人大学・短期大学基準協会,学校教育法に基づく大学及び短期大学の認証評価等,事務局長,無,無
704,小嶋　稔,60,文部科学省大臣官房付,文部科学省,2024-03-31,2024-06-01,独立行政法人大学改革支援・学位授与機構,大学等の評価、学位授与、国立大学等の施設費等の貸付交付、大学等の組織変更に関する助成金交付、研究,調査役,無,無
705,佐々木　昭吉,60,文部科学省大臣官房付,文部科学省,2024-03-31,2024-05-01,公益財団法人環境科学技術研究所,放射性物質等の環境影響等環境安全に関する業務,業務執行役 兼 総務部長,無,無
706,佐藤　明生,60,文部科学省大臣官房付,文部科学省,2024-03-31,2024-04-01,国立大学法人信州大学,教育・研究,学術研究・産学官連携推進機構教授（特定雇用）,無,無
707,佐藤　透,60,文部科学省大臣官房付,文部科学省,2024-03-31,2024-04-01,国立大学法人筑波大学,教育・研究,筑波大学教授（研究戦略イニシアティブ推進機構研究デザイン室副室長）,無,無
708,関崎　徳彦,60,文部科学省大臣官房付,文部科学省,2024-03-31,2024-04-01,国立大学法人横浜国立大学,教育・研究,学長特任補佐（経営戦略本部アシスタントオフィサー）,無,無
709,関崎　徳彦,60,文部科学省大臣官房付,文部科学省,2024-03-31,2024-07-01,学校法人目白学園,教育・研究,法人本部総務部付部長,無,無
710,関崎　徳彦,60,文部科学省大臣官房付,文部科学省,2024-03-31,2024-11-18,一般財団法人公立学校共済組合友の会,福利厚生事業,顧問,無,無
711,髙口　努,60,文部科学省大臣官房付,文部科学省,2024-03-31,2024-04-01,学校法人華陽学園,教育・研究,岐阜女子大学学長 兼 教授,無,無
712,内藤　雷太,60,文部科学省大臣官房付,文部科学省,2024-03-31,2024-04-01,公立大学法人周南公立大学,教育・研究,理事 兼 事務局長,無,無
713,永山　裕二,60,文部科学省大臣官房付,文部科学省,2024-03-31,2024-07-01,学校法人玉川学園,教育・研究,玉川大学教育博物館長 兼 教授,無,無
714,新津　勝二,60,文部科学省大臣官房付,文部科学省,2024-03-31,2024-06-01,公益財団法人教科書研究センター,教科書等に関する基礎的・総合的な調査研究,参与,無,無
715,西田　眞吾,60,文部科学省大臣官房付,文部科学省,2024-03-31,2024-04-01,学校法人栴檀学園,教育・研究,東北福祉大学総務局長,無,無
716,平野　浩之,60,文部科学省大臣官房付,文部科学省,2024-03-31,2024-04-01,公立大学法人秋田県立大学,教育・研究,副理事長,無,無
717,前田　豊,60,文部科学省大臣官房付,文部科学省,2024-03-31,2024-04-01,株式会社マイファーム,体験農園や農業学校の運営、農産物の生産や農業者が行う生産・流通販売に関するコンサルティング等,経営企画室シニアアドバイザー、みらい農業学校副校長,無,無
718,松田　典明,60,文部科学省大臣官房付,文部科学省,2024-03-31,2024-04-01,学校法人藤村学園,教育・研究,東京女子体育大学事務局次長 兼 総務課長,無,無
719,三浦　和幸,60,文部科学省大臣官房付,文部科学省,2024-03-31,2024-04-01,学校法人京都橘学園,教育・研究,学生事務部長,無,無
720,三浦　和幸,60,文部科学省大臣官房付,文部科学省,2024-03-31,2024-04-01,国立大学法人電気通信大学,教育・研究,電気通信大学学長特別補佐,無,無
721,吉田　潔,60,文部科学省大臣官房付,文部科学省,2024-03-31,2024-10-01,一般社団法人国立大学協会,国立大学法人が質の高い教育・研究等を推進するために必要な事業等,事務局次長,無,無
722,渡邉　五郎,60,文部科学省大臣官房付,文部科学省,2024-03-31,2024-05-01,学校法人獨協学園,教育・研究,本部事務局大学経営改革推進室長,無,無
723,信濃　正範,60,文部科学省大臣官房人事課専門官（文部科学省大臣官房付）,文部科学省,2024-04-01,2024-07-01,株式会社島津製作所,理化学機器等の製造販売,特任アドバイザー,無,無
724,角田　英之,60,文部科学省大臣官房人事課専門官（文部科学省大臣官房付）,文部科学省,2024-06-18,2024-06-19,公益財団法人環境科学技術研究所,放射性物質等の環境影響等環境安全に関する業務,理事,無,無
725,大山　真未,60,科学技術・学術政策研究所長,文部科学省,2024-06-25,2024-10-01,国立大学法人九州大学,教育・研究,理事（非常勤）,無,無
726,内丸　幸喜,60,文部科学省大臣官房人事課専門官（文部科学省大臣官房付）,文部科学省,2024-06-30,2024-07-01,公益財団法人つくば科学万博記念財団,科学技術の普及啓発,運営部長,無,無
727,松尾　泰樹,61,文部科学省大臣官房付,文部科学省,2024-07-01,2024-07-02,内閣官房,国家公務,政策参与（非常勤）,無,無
728,松尾　泰樹,61,文部科学省大臣官房付,文部科学省,2024-07-01,2024-11-01,M&Company株式会社,地域産業の創出、大学研究の事業化等,顧問,無,無
729,松尾　泰樹,61,文部科学省大臣官房付,文部科学省,2024-07-01,2024-11-01,国立研究開発法人理化学研究所,科学技術に関する研究開発,理事長特別顧問,無,無
730,松尾　泰樹,61,文部科学省大臣官房付,文部科学省,2024-07-01,2024-11-01,株式会社EX-Fusion,レーザー核融合事業,顧問,無,無
731,瀧本　寛,61,国立教育政策研究所長 併任 内閣官房内閣審議官 命 内閣官房教育未来創造会議担当室長,内閣官房,2024-07-11,2024-11-10,学校法人山野学苑,教育・研究,理事長補佐,無,無
732,藤江　陽子,60,文部科学審議官,文部科学省,2024-07-11,2025-03-06,公益財団法人日本国際教育支援協会,日本人学生及び外国人留学生に対する支援事業等,理事長,無,無
733,渡邊　康正,60,文部科学省大臣官房付,文部科学省,2025-02-28,2025-03-01,学校法人慶應義塾,教育・研究,慶應義塾大学理工学部特任教授,無,無
734,奥村　伸人,58,厚生労働省大臣官房付,厚生労働省,2020-09-01,2020-12-07,一般社団法人日本ボイラ協会,ボイラー・圧力容器の検査・検定とその運転操作等の安全講習,事務局長,無,無
735,奥村　伸人,58,厚生労働省大臣官房付,厚生労働省,2020-09-01,2022-06-17,一般社団法人日本ボイラ協会,ボイラー・圧力容器の検査・検定とその運転操作等の安全講習,専務理事,無,無
736,尾形　強嗣,60,厚生労働省大臣官房付,厚生労働省,2023-03-31,2024-04-01,学校法人関西外国語大学,教育・研究,関西外国語大学外国語学部教授,無,無
737,合田　幸広,65,国立医薬品食品衛生研究所長,厚生労働省,2023-03-31,2024-04-01,富山県薬事総合研究開発センター,薬事に関する研究開発、試験、分析及び技術指導等,所長,無,無
738,清藤　徳之,60,東京労働局立川公共職業安定所長,厚生労働省,2023-03-31,2024-04-01,一般社団法人港湾労働安定協会,港湾労働者の職業能力開発、雇用安定等に関する業務,雇用安定部次長 兼 指導課長,無,無
739,瀧原　章夫,60,厚生労働省大臣官房付,厚生労働省,2023-03-31,2024-11-01,公益財団法人介護労働安定センター,介護労働者の雇用管理の改善等介護分野全般に対する支援,本部業務部雇用管理課調査役,無,無
740,立石　孝志,57,厚生労働省大臣官房付,厚生労働省,2023-03-31,2024-04-01,公益財団法人東京都福祉保健財団,福祉保健医療を担う人材育成、事業者支援等に関する事業,事業者支援部嘱託職員,無,有※
741,永野　靖,60,東京労働局職業安定部長,厚生労働省,2023-03-31,2024-04-01,公益社団法人全国シルバー人材センター事業協会,シルバー人材センター事業の普及啓発等,企画管理部長,無,無
742,中村　嘉孝,60,福岡労働局福岡中央公共職業安定所長,厚生労働省,2023-03-31,2024-04-01,公益財団法人国際人材協力機構,外国人技能実習生等の受け入れ支援事業,福岡駐在事務所所長（嘱託職員）,無,無
743,成田　裕紀,60,厚生労働省大臣官房付,厚生労働省,2023-03-31,2024-06-25,公益財団法人防衛大学校学術・教育振興会,防衛大学校における科学技術等に関する研究に対する助成等,監事,無,無
744,安達　栄,58,厚生労働省大臣官房付,厚生労働省,2023-07-04,2024-06-12,公益財団法人安全衛生技術試験協会,労働安全衛生法等に基づく免許試験の試験実施業務,常務理事,無,無
745,大西　証史,59,厚生労働省老健局長,厚生労働省,2023-07-04,2024-04-01,医療法人社団健育会,医療介護事業,理事,無,無
746,大西　証史,59,厚生労働省老健局長,厚生労働省,2023-07-04,2024-04-01,医療法人喬成会,医療介護事業,理事,無,無
747,大西　証史,59,厚生労働省老健局長,厚生労働省,2023-07-04,2024-04-01,医療法人常磐会,医療介護事業,理事,無,無
748,大西　証史,59,厚生労働省老健局長,厚生労働省,2023-07-04,2024-04-01,医療法人社団茅ヶ崎セントラルクリニック,医療業,理事,無,無
749,小林　洋司,62,厚生労働省厚生労働審議官,厚生労働省,2023-07-04,2024-07-01,中央職業能力開発協会,技能検定試験の実施等その他職業能力の開発の促進に関する業務,理事長,無,無
750,小森　雅一,59,厚生労働省大臣官房付,厚生労働省,2023-07-04,2024-04-01,日本たばこ産業株式会社,たばこ事業等,アドバイザー,無,無
751,佐原　康之,59,厚生労働省健康局長,厚生労働省,2023-07-04,2024-04-01,昭和大学横浜市北部病院,医療事業,医師,無,無
752,田畑　一雄,60,厚生労働省中央労働委員会事務局長,厚生労働省,2023-07-04,2024-05-21,一般社団法人日本BPO協会,製造業等における労働者の就業の安定と労務管理の改善、製造業等が必要とする人材の育成及び技能の評価,専務理事,無,無
753,西辻　浩,58,厚生労働省大臣官房付,厚生労働省,2023-07-04,2024-04-01,公益社団法人地域医療振興協会,医療事業,地域医療振興協会健康保険組合常務理事,無,無
754,土生　栄二,60,厚生労働省大臣官房付,厚生労働省,2023-07-07,2024-04-25,人事院,国家公務,人事官,無,無
755,福島　靖正,64,厚生労働省医務技監,厚生労働省,2023-07-03,2024-06-28,一般財団法人化学及血清療法研究所,生物学的製剤等に関する助成及び顕彰並びに調査及び研究等,理事（非常勤）,無,無
756,福島　靖正,64,厚生労働省医務技監,厚生労働省,2023-07-03,2024-11-01,国立大学法人京都大学,教育・研究,医学研究科附属ヘルスセキュリティセンター研究員（非常勤）,無,無
757,山本　史,60,厚生労働省大臣官房審議官（医薬担当）,厚生労働省,2023-07-04,2024-05-01,一般社団法人日本食品添加物協会,食品添加物の製造、販売、使用等に関する知識普及等,食品添加物GMP認定制度判定委員,無,無
758,柳樂　晃洋,58,厚生労働省大臣官房付,厚生労働省,2023-08-31,2024-05-15,一般社団法人日本保険薬局協会,保険薬局に関する調査研究等,専務理事,無,無
759,田原　克志,59,関東信越厚生局長,厚生労働省,2023-09-01,2024-04-01,一般財団法人SAITO MEDICAL GROUP,医療事業,相談役,無,無
760,池田　千絵子,59,厚生労働省大臣官房付,厚生労働省,2023-10-01,2024-07-01,日本赤十字社,国内外の人道支援・災害救護、医療・血液事業、社会福祉等,血液事業経営会議委員,無,無
761,辻田　博,59,厚生労働省大臣官房付,厚生労働省,2023-10-01,2024-04-01,社会保険労務士法人すばる,社会保険労務士業務,労務顧問,無,無
762,井原　辰雄,59,厚生労働省大臣官房付,厚生労働省,2024-01-15,2024-08-01,公益社団法人国民健康保険中央会,国民健康保険事業等,審議役,無,無
763,安達　隆文,60,中央労働委員会事務局調整第二課長,厚生労働省,2024-03-31,2024-07-01,公益財団法人介護労働安定センター,介護事業所等への雇用管理改善等の支援等,本部運営企画室長,無,無
764,新井　博之,60,厚生労働省大臣官房付,厚生労働省,2024-03-31,2024-06-01,一般財団法人労災サポートセンター,労災年金受給者等に対する相談・在宅介護・施設介護の実施,事業部次長,無,無
765,稲葉　好晴,59,厚生労働省大臣官房付,厚生労働省,2024-03-31,2024-07-16,一般社団法人シルバーサービス振興会,シルバーサービスの質の向上とその健全な発展を図ることを目的とする事業,事務局長,無,無
766,宇津　忍,60,厚生労働省大臣官房付,厚生労働省,2024-03-31,2024-07-01,一般財団法人医薬品医療機器レギュラトリーサイエンス財団,医薬品医療機器等に関するレギュラトリーサイエンスに係る調査研究等,技術サービス部門長,無,無
767,宇津　忍,60,厚生労働省大臣官房付,厚生労働省,2024-03-31,2024-10-17,一般財団法人医薬品医療機器レギュラトリーサイエンス財団,医薬品医療機器等に関するレギュラトリーサイエンスに係る調査研究等,専務理事,無,無
768,畝山　智香子,60,国立医薬品食品衛生研究所安全情報部長,厚生労働省,2024-03-31,2024-05-02,株式会社髙澤品質管理研究所,食品関係事業者への食品衛生管理の指導、各種検査等,顧問,無,無
769,畝山　智香子,60,国立医薬品食品衛生研究所安全情報部長,厚生労働省,2024-03-31,2024-05-20,野良猫食情報研究所,講義・講演・執筆や食品関係事業者への情報提供等,代表,無,無
770,生方　勝,60,厚生労働省職業安定局雇用保険課主任中央雇用保険監察官,厚生労働省,2024-03-31,2024-07-01,公益財団法人産業雇用安定センター,出向・移籍等による労働力の移動の希望、受入れ可能の状況等に関する人材情報の収集、提供及び相談並びに斡旋等,総務部次長 併任 経理課長,無,無
771,梅澤　雅男,59,厚生労働省大臣官房付,厚生労働省,2024-03-31,2024-07-01,公益財団法人生活衛生営業指導センター,都道府県生活衛生営業指導センター等の指導及び支援並びに衛生水準の維持向上及び利用者又は消費者の利益の擁護を図るための生活衛生関係営業全般の振興,企画部次長,無,無
772,浦橋　武,60,中央労働委員会事務局第一部会担当審査総括室労働専門職（茨城労働局総務部長）,総務省,2024-03-31,2024-04-01,林業・木材製造業労働災害防止協会,林材業の労働災害防止事業,会計課長,無,有
773,大田　成昭,59,関東信越厚生局総務管理官,総務省,2024-03-31,2024-07-01,東日本電線工業健康保険組合,健康保険組合業務,事務長,無,有※
774,岡河　義孝,59,厚生労働省大臣官房付,厚生労働省,2024-03-31,2024-07-01,公益財団法人社会福祉振興・試験センター,社会福祉事業に関する調査研究、社会福祉士等国家試験事務等,試験室長,無,無
775,甲斐　龍也,60,厚生労働省大臣官房付,厚生労働省,2024-03-31,2024-07-01,一般財団法人日本救急医療財団,救急医療に関する研究に対する助成及び調査研究,研修研究部長,無,無
776,加藤　博人,60,厚生労働省大臣官房付,厚生労働省,2024-03-31,2024-06-01,日本生命保険相互会社,生命保険業,特別嘱託,無,無
777,金尾　文敬,60,厚生労働省大臣官房付,厚生労働省,2024-03-31,2024-07-01,全国シルバー人材センター企業年金基金,企業年金の支給及び資産の管理,事務長,無,無
778,金尾　文敬,60,厚生労働省大臣官房付,厚生労働省,2024-03-31,2024-07-23,全国シルバー人材センター企業年金基金,企業年金の支給及び資産の管理,常務理事,無,無
779,金子　一夫,59,国立障害者リハビリテーションセンター企画・情報部長,厚生労働省,2024-03-31,2024-07-01,社会福祉法人清風会,特別養護老人ホームの運営等,特別養護老人ホーム東かなまち桜園事務長,無,無
780,川久保　重之,59,国立障害者リハビリテーションセンター管理部長,厚生労働省,2024-03-31,2024-06-19,社会福祉法人中央共同募金会,共同募金事業,理事（非常勤）,無,無
781,川久保　重之,59,国立障害者リハビリテーションセンター管理部長,厚生労働省,2024-03-31,2024-07-01,社会福祉法人中央共同募金会,共同募金事業,事務局長,無,無
782,紀伊　洋一,60,厚生労働省雇用環境・均等局勤労者生活課労働金庫業務室長,厚生労働省,2024-03-31,2024-07-01,陸上貨物運送事業労働災害防止協会,陸上貨物運送事業の労働災害防止に関する取組活動等,常勤嘱託職員（技術管理部調査課長）,無,無
783,岸　泰広,60,厚生労働省労働基準局監督課副主任中央労働基準監察監督官（京都労働局労働基準部長）,厚生労働省,2024-03-31,2024-05-01,公益財団法人安全衛生技術試験協会,労働安全衛生法等に基づく免許試験の試験実施業務,企画部次長,無,無
784,北代　昌巳,60,厚生労働省労働基準局監督課副主任中央労働基準監察監督官（埼玉労働局労働基準部長）,厚生労働省,2024-03-31,2024-05-01,公益財団法人安全衛生技術試験協会,労働安全衛生法等に基づく免許試験の試験実施業務,試験管理部次長,無,無
785,木塚　欽也,60,厚生労働省大臣官房付,厚生労働省,2024-03-31,2024-06-20,公益財団法人国際人材協力機構,技能実習生、特定技能外国人等の受入れに係る支援,理事（実習支援部長）,無,無
786,桑山　順一,58,厚生労働省大臣官房付,厚生労働省,2024-03-31,2024-07-01,出版企業年金基金,出版企業年金基金の運営管理業務,事務長,無,有※
787,小島　裕,60,厚生労働省大臣官房付,厚生労働省,2024-03-31,2024-07-01,一般社団法人日本クレーン協会,クレーン等に関する調査研究、教育講習、検査検定等,本部総務部長,無,無
788,小森　則行,60,厚生労働省大臣官房付,厚生労働省,2024-03-31,2024-10-01,労働者健康安全機構健康保険組合,健康保険事業,嘱託職員,無,無
789,小森　則行,60,厚生労働省大臣官房付,厚生労働省,2024-03-31,2024-10-09,労働者健康安全機構健康保険組合,健康保険事業,理事,無,無
790,小森　則行,60,厚生労働省大臣官房付,厚生労働省,2024-03-31,2024-10-17,労働者健康安全機構健康保険組合,健康保険事業,常務理事,無,無
791,下岡　恵輔,60,大阪労働局大阪中央労働基準監督署長,厚生労働省,2024-03-31,2024-07-01,公益社団法人大阪労働基準連合会,労働安全衛生法等に定める講習、教育事業、労働基準関係法令の普及啓発事業、労働保険事務組合事業,事務局次長,無,無
792,立原　新,60,厚生労働省労働基準局安全衛生部労働衛生課治療と仕事の両立支援室長,厚生労働省,2024-03-31,2024-06-01,一般財団法人労災サポートセンター,労災年金受給者等に対する相談・在宅介護・施設介護の実施,本部事業部次長,無,有
793,寺部　重宏,60,愛知労働局名古屋北労働基準監督署長,厚生労働省,2024-03-31,2024-07-01,公益財団法人安全衛生技術試験協会,労働安全衛生法等に基づく国家試験及び作業環境測定士等の登録事務,中部安全衛生技術センター試験課長,無,無
794,中村　克美,60,厚生労働省大臣官房付,厚生労働省,2024-03-31,2024-07-01,林業・木材製造業労働災害防止協会,林材業における自主的な労働災害防止活動の促進・技術支援,常勤嘱託職員（事務局長）,無,無
795,西岡　邦昭,60,厚生労働省大臣官房付,厚生労働省,2024-03-31,2024-07-01,一般社団法人東京ハイヤー・タクシー協会,一般乗用旅客自動車運送事業の適正な運営等,事務局長,無,無
796,野田　裕司,60,国立療養所長島愛生園事務部長,厚生労働省,2024-03-31,2024-07-01,公益社団法人全国柔道整復学校協会,柔道整復師養成校の教育水準の向上と運営改善等,事務局長,無,無
797,服部　浩樹,59,厚生労働省年金局事業企画課会計室長,厚生労働省,2024-03-31,2024-07-01,管工業健康保険組合,健康保険組合業務,事務局長,無,有※
798,針生　達矢,60,福島労働局いわき労働基準監督署長,厚生労働省,2024-03-31,2024-07-01,建設業労働災害防止協会,建設業の労働災害防止に係る各種事業,技術管理部化学物質対策センター調査役,無,無
799,廣嶋　聡,60,厚生労働省大臣官房付,厚生労働省,2024-03-31,2024-07-01,公益社団法人日本精神科病院協会,精神保健医療福祉に関する調査研究事業等,事務局事業部長,無,無
800,藤浪　竜哉,60,厚生労働省大臣官房付,厚生労働省,2024-03-31,2024-04-01,自営,不動産賃貸業,-,無,無
801,古川　夏樹,60,厚生労働省関東信越厚生局長,厚生労働省,2024-03-31,2024-09-02,株式会社ニチイホールディングス,医療関連事業等を実施するグループ会社の経営管理,顧問,無,無
802,堀　幸男,60,大阪労働局大阪南労働基準監督署長,厚生労働省,2024-03-31,2024-07-01,株式会社島津製作所,理化学機械器具の開発、製造,嘱託職員,無,無
803,宮口　真二,60,厚生労働省大臣官房付,厚生労働省,2024-03-31,2024-07-01,公益財団法人産業医学振興財団,産業医学の振興及び実践に関する事業,審議役（総務課担当）,無,無
804,村上　竹弘,60,厚生労働省大臣官房付,厚生労働省,2024-03-31,2024-07-01,公益社団法人建設荷役車両安全技術協会,建設荷役車両の定期点検整備の推進及び普及等,経理部次長,無,無
805,村野　卓男,60,厚生労働省政策統括官（統計・情報システム管理、労使関係担当）調査官 併任 政策統括官付参事官（企画調整担当）付雇用・賃金福祉統計室,厚生労働省,2024-03-31,2024-05-01,公益財団法人安全衛生技術試験協会,労働安全衛生法等に基づく免許試験の試験実施業務,総務部次長,無,無
806,森　浩太郎,60,厚生労働省大臣官房付,厚生労働省,2024-03-31,2024-09-01,日本製薬工業協会,製薬産業に共通する諸問題の解決、理解促進等,部長（企画関係）,無,無
807,山出　佳秀,60,大阪労働局総務部総務調整官,総務省,2024-03-31,2024-07-01,公益社団法人大阪労働基準連合会,労働安全衛生法等に定める講習、教育事業、労働基準関係法令の普及啓発事業、労働保険事務組合事業,総務経理部長,無,無
808,山本　麻里,60,厚生労働省大臣官房付,厚生労働省,2024-03-31,2025-03-26,株式会社バリューHR,健康管理・増進支援サービスの提供,社外取締役,無,無
809,加賀山　成久,60,国立保健医療科学院総務部付,総務省,2024-04-01,2024-07-01,公益社団法人日本精神科病院協会,精神保健医療福祉に関する調査研究事業等,事務局長,無,無
810,中平　純一,60,国立感染症研究所総務部付,総務省,2024-04-01,2024-07-01,公益社団法人日本産婦人科医会,母子の生命健康の保護と女性の健康保持・増進等に関する事業等,事務局長,無,無
811,上野　清美,57,厚生労働省大臣官房付,厚生労働省,2024-06-30,2024-10-01,公益社団法人日本薬剤師会,薬学及び薬業の進歩発展、医薬品の適正使用等医療貢献、公衆衛生の普及・指導等に関する事業,参与,無,無
812,上野　清美,57,厚生労働省大臣官房付,厚生労働省,2024-06-30,2025-03-16,公益社団法人日本薬剤師会,薬学及び薬業の進歩発展、医薬品の適正使用等医療貢献、公衆衛生の普及・指導等に関する事業,専務理事（業務執行理事）,無,無
813,小椋　正之,55,厚生労働省医政局歯科保健課長,厚生労働省,2024-06-30,2024-07-16,医療法人社団正路会,歯科医療の提供,理事,無,無
814,小椋　正之,55,厚生労働省医政局歯科保健課長,厚生労働省,2024-06-30,2024-10-01,学校法人日本大学,教育・研究,松戸歯学部歯科医療管理学講座教授,無,無
815,阿部　充,60,厚生労働省大臣官房付,厚生労働省,2024-07-05,2024-11-01,一般財団法人建設業振興基金,建設産業の振興支援等に関する事業の実施,建設キャリアアップシステム事業本部審議役（労働環境改善担当）,無,無
816,荒木　祥一,59,厚生労働省大臣官房付,厚生労働省,2024-07-05,2024-11-01,佐川急便株式会社,運送業,顧問,無,無
817,大島　一博,60,厚生労働事務次官,厚生労働省,2024-07-05,2024-11-01,株式会社国際社会経済研究所,情報社会に関する調査研究,理事,無,無
818,大島　一博,60,厚生労働事務次官,厚生労働省,2024-07-05,2024-11-01,株式会社社会政策研究所,社会政策に関する調査研究及びコンサルティング,代表取締役,無,無
819,大鶴　知之,59,厚生労働省大臣官房付,厚生労働省,2024-07-05,2025-01-06,社会医療法人弘恵会,医療事業,参与,無,無
820,釜石　英雄,59,厚生労働省大臣官房付,厚生労働省,2024-07-05,2024-11-01,建設業労働災害防止協会,建設業の労働災害防止に関する事業,技術総轄審議役,無,無
821,河野　典厚,59,厚生労働省大臣官房付,厚生労働省,2024-07-05,2024-10-07,日本ジェネリック製薬協会,ジェネリック医薬品の安定供給・品質確保等に関する業務,専務理事,無,有※
822,鈴木　英二郎,59,厚生労働省労働基準局長,厚生労働省,2024-07-05,2024-11-01,東京海上日動火災保険株式会社,損害保険業,顧問,無,無
823,得津　馨,59,近畿厚生局長,厚生労働省,2024-07-05,2024-08-01,埼玉県,地方公務,草加保健所長,無,無
824,美濃　芳郎,59,厚生労働省大臣官房付,厚生労働省,2024-07-05,2024-10-01,三井住友海上火災保険株式会社,保険業,顧問,無,無
825,西岡　隆,52,厚生労働省大臣官房付,厚生労働省,2024-09-13,2025-01-20,臼杵市,地方公務,市長,無,無
826,小野寺　徳子,58,厚生労働省大臣官房付,厚生労働省,2024-12-01,2025-03-23,小野寺のりこ事務所,コンサルティング業,代表,無,無
827,飯髙　悟,59,農林水産省大臣官房政策課政策情報分析官（農林水産省大臣官房付）,農林水産省,2017-09-30,2019-06-26,公益財団法人畜産近代化リース協会,畜産振興上必要な機械・施設等の貸付け等,理事長,無,無
828,小山　富美男,59,林野庁林政部林政課林業・木材産業情報分析官（林野庁国有林野部付）,林野庁,2020-03-31,2020-07-01,全国国有林造林生産業連絡協議会,造林業及び素材生産業に係る要望活動、会員に対する技術研修会の開催等,一般職員,無,無
829,小山　富美男,59,林野庁林政部林政課林業・木材産業情報分析官（林野庁国有林野部付）,林野庁,2020-03-31,2021-05-20,全国国有林造林生産業連絡協議会,造林業及び素材生産業に係る要望活動、会員に対する技術研修会の開催等,専務理事,無,無
830,小山　富美男,59,林野庁林政部林政課林業・木材産業情報分析官（林野庁国有林野部付）,林野庁,2020-03-31,2021-05-20,全国素材生産業協同組合連合会,会員の取り扱う立木の協同購買、協同販売、事業に必要な機械器具類の協同購買に関しての情報の提供、指導等,専務理事,無,無
831,本郷　浩二,61,林野庁長官,林野庁,2021-07-01,2021-11-18,全国木材協同組合連合会,会員に対する研修、調査情報事業等,副会長 兼 専務理事,無,無
832,枝元　真徹,61,農林水産事務次官,農林水産省,2022-06-28,2024-04-01,辻・本郷税理士法人,税理士業,顧問,無,無
833,長野　麻子,50,農林水産省大臣官房新事業・食品産業部新事業・食品産業政策課長,農林水産省,2022-06-28,2024-06-25,株式会社極洋,水産品の貿易、加工、買い付け等,社外取締役,無,無
834,中村　道人,60,近畿中国森林管理局次長,林野庁,2022-06-30,2024-05-16,一般社団法人全国木材組合連合会,木材利用及び木材産業に関する調査研究、普及等,常務理事,無,無
835,中村　道人,60,近畿中国森林管理局次長,林野庁,2022-06-30,2024-05-16,全国木材協同組合連合会,会員に対する研修、調査情報事業等,常務理事,無,無
836,越智　洋介,58,水産庁増殖推進部参事官,水産庁,2022-07-31,2024-06-26,一般社団法人漁業情報サービスセンター,漁況・海況等漁業に必要な情報の収集、処理提供及び技術開発,専務理事,無,無
837,青木　正伸,60,中部森林管理局木曽森林管理署長,林野庁,2023-03-31,2024-04-01,塩尻市役所,地方公務,会計年度任用職員,無,無
838,犬塚　昌良,60,関東農政局統計部長,農林水産省,2023-03-31,2024-09-01,一般社団法人外国人食品産業技能評価機構,外国人特定技能制度及び外国人技能実習制度それぞれの技能評価試験の実施,外国人支援担当マネージャー,無,有
839,宇野　正巳,60,関東森林管理局棚倉森林管理署長,林野庁,2023-03-31,2024-06-01,トコスカーサポート株式会社,セルフスタンドにおける監視業務、店舗管理業務、接客業務,東京第三支店契約社員,無,無
840,片桐　薫,60,東海農政局次長,農林水産省,2023-03-31,2024-05-01,一般社団法人日本植物油協会,植物油の製造及び加工の改善に関する業務等,参与,無,無
841,片桐　薫,60,東海農政局次長,農林水産省,2023-03-31,2024-05-22,一般社団法人日本植物油協会,植物油の製造及び加工の改善に関する業務等,専務理事,無,無
842,神井　弘之,56,農林水産省大臣官房付,農林水産省,2023-03-31,2024-04-01,愛媛県,地方公務,政策アドバイザー,無,無
843,小薗　正典,60,農林水産省輸出・国際局総務課国際情報分析官 兼 農林水産省輸出・国際局国際経済課付（農林水産省大臣官房国際部国際経済課国際交渉官）,総務省,2023-03-31,2024-04-01,東アジア・アセアン経済研究センター（ERIA）,東アジア・アセアンの経済統合に関する研究、調査、政策提言等,シニア・ポリシー・フェロー,無,無
844,酒向　邦夫,60,近畿中国森林管理局石川森林管理署長,林野庁,2023-03-31,2024-07-01,名古屋造林素材生産事業協会,会員の技術の向上、労働安全の確保等に関する研修及び情報提供等,事務局長 兼 専務理事,無,無
845,佐藤　和正,60,東海農政局地方参事官,農林水産省,2023-03-31,2025-02-26,備中玉島湊鐡屋わたしのお茶事和佳,飲食店の経営,個人事業主,無,無
846,佐藤　裕一,60,北陸農政局生産部長,農林水産省,2023-03-31,2024-08-05,食品産業中央協議会,食品産業における各部門の連携及び重要な問題についての意見取りまとめ,嘱託職員,無,無
847,佐藤　裕一,60,北陸農政局生産部長,農林水産省,2023-03-31,2025-02-01,株式会社ハンズグローバル,登録支援業務、採用コンサル業務、教育支援業務、海外進出コンサル業務,一般社員（営業・人財コンサルタント）,無,無
848,澁谷　和彦,60,農林水産省農産局総務課会計室長,総務省,2023-03-31,2024-06-19,一般社団法人全国食糧保管協会,米麦の保管技術に関する調査研究、債務保証等,理事 兼 業務部長,無,無
849,原川　忠典,60,農林水産省農村振興局整備部付,農林水産省,2023-03-31,2024-06-19,株式会社農業土木会館,農業土木会館の管理及び運営等,取締役,無,無
850,平野　智巳,60,水産庁資源管理部国際課国際水産情報分析官（環境省水・大気環境局水環境課海洋環境室長）,水産庁,2023-03-31,2024-04-01,一般社団法人全国いか釣り漁業協会,いか釣り漁業に関する調査研究及び技術の向上等,嘱託職員（参与）,無,無
851,松岡　謙二,58,農林水産省農産局園芸作物課青果物生産流通消費情報分析官（中国四国農政局次長）,農林水産省,2023-03-31,2024-05-01,コロナ産業株式会社,装飾用電灯セット製造販売業,一般社員,無,無
852,松岡　謙二,58,農林水産省農産局園芸作物課青果物生産流通消費情報分析官（中国四国農政局次長）,農林水産省,2023-03-31,2024-05-01,脱炭素推進機構株式会社,コンサルタント業,契約社員（主任研究員）,無,無
853,松岡　謙二,58,農林水産省農産局園芸作物課青果物生産流通消費情報分析官（中国四国農政局次長）,農林水産省,2023-03-31,2024-05-01,自営,マンション管理組合に対する指導及び助言等,-,無,無
854,山根　勲,60,中国四国農政局地方参事官,農林水産省,2023-03-31,2024-05-01,一般財団法人日本穀物検定協会,農産物、飼料及び食品等の受渡し等の際の公正な検定、食品衛生に関する検査等,九州支部準職員,無,無
855,牛草　哲朗,60,農林水産省大臣官房審議官 兼 輸出・国際局付,農林水産省,2023-07-03,2024-06-21,輸入食糧協議会,主要食糧の生産・需要動向等に関する調査・研究、関係機関及び団体との連絡,理事（副会長 兼 事務局長）,無,無
856,伏見　啓二,60,農林水産省大臣官房審議官 兼 畜産局付,農林水産省,2023-07-03,2024-06-26,公益社団法人日本獣医師会,獣医師道の高揚、獣医事の向上、獣医学術の振興・調査研究、獣医学教育の充実、獣医師等の人材育成等,専務理事,無,無
857,安部　伸治,58,農林水産省農村振興局次長,農林水産省,2023-07-04,2024-05-30,一般財団法人日本水土総合研究所,農業農村整備事業及び農村振興に関する調査研究,理事,無,無
858,織田　央,60,林野庁長官,林野庁,2023-07-04,2024-08-22,公益社団法人国土緑化推進機構,緑の募金による森林の整備、緑化の推進及びそれらに関する国際協力,専務理事,無,無
859,神谷　崇,60,水産庁長官,水産庁,2023-07-04,2024-06-27,公益財団法人海洋生物環境研究所,沿岸海域等における環境、生物、生態系の維持・保全・利用に関する調査研究等,理事長,無,無
860,小林　勝利,59,東海農政局長,農林水産省,2023-07-11,2024-06-01,ヤマハ発動機株式会社,輸送機器製造販売等,顧問（非常勤）,無,無
861,坂本　修,59,農林水産省大臣官房付,農林水産省,2023-07-11,2024-05-16,一般社団法人日本フードサービス協会,フードサービス産業及び食生活の向上に関する情報の収集提供及び広報等,専務理事,無,無
862,出倉　功一,59,近畿農政局付,農林水産省,2023-07-18,2024-04-01,一般社団法人日本冷凍食品協会,冷凍食品の調査及び研究、品質向上、普及広報に関する事業等,顧問,無,無
863,出倉　功一,59,近畿農政局付,農林水産省,2023-07-18,2024-05-22,一般社団法人日本冷凍食品協会,冷凍食品の調査及び研究、品質向上、普及広報に関する事業等,専務理事,無,無
864,増田　直弘,59,農林水産省大臣官房検査・監察部長,農林水産省,2023-09-30,2024-04-01,公益財団法人競馬保安協会,競馬の公正確保のために必要な調査、保安活動並びに情報及び資料の収集,理事,無,無
865,遠藤　順也,58,四国森林管理局長,林野庁,2023-12-31,2024-05-30,公益社団法人食品容器環境美化協会,食品容器の散乱防止の啓発普及、助成等,専務理事,無,無
866,高橋　孝雄,59,農林水産政策研究所長,農林水産省,2023-12-31,2024-04-01,公益財団法人畜産近代化リース協会,畜産振興上必要な機械・施設等の貸付け等,参与,無,無
867,高橋　孝雄,59,農林水産政策研究所長,農林水産省,2023-12-31,2024-06-27,公益財団法人畜産近代化リース協会,畜産振興上必要な機械・施設等の貸付け等,理事長,無,無
868,宮澤　俊輔,58,東北森林管理局長,林野庁,2023-12-31,2024-06-05,公益財団法人日本住宅・木材技術センター,木材利用技術の開発・普及と関連産業の活性化,理事長,無,無
869,足立　健一,60,農林水産省農村振興局整備部設計課海外農業農村開発情報分析官（東海農政局矢作川総合第二期農地防災事業所長）,農林水産省,2024-03-31,2024-09-01,日本施設管理株式会社,ダム等の管理業務及びコンサルタント業務,顧問,無,無
870,足立　健一,60,農林水産省農村振興局整備部設計課海外農業農村開発情報分析官（東海農政局矢作川総合第二期農地防災事業所長）,農林水産省,2024-03-31,2024-10-01,日本施設管理株式会社,ダム等の管理業務及びコンサルタント業務,代表取締役,無,無
871,家元　隆佳,60,北陸農政局河北潟周辺農地防災事業所長,農林水産省,2024-03-31,2024-07-01,鹿島建設株式会社,建設・開発・設計・エンジニアリング事業等,北陸支店土木部担当部長（金沢営業所駐在）,無,無
872,井川　範彦,60,東海農政局矢作川総合第二期農地防災事業所長,農林水産省,2024-03-31,2024-10-01,岩田地崎建設株式会社,建設業,東京支店技術顧問,無,無
873,石垣　英司,59,農林水産省大臣官房政策課政策情報分析官 兼 水産庁増殖推進部栽培養殖課付（四国森林管理局長）,林野庁,2024-03-31,2024-06-20,一般財団法人畜産環境整備機構,畜産経営、食肉・生乳流通等の環境整備のために必要な施設等の貸付け等に係る事業,常務理事,無,無
874,今井　浩人,60,水産庁資源管理部漁業取締課外国漁船対策室長,水産庁,2024-03-31,2024-10-01,国立研究開発法人新エネルギー・産業技術総合開発機構,新エネルギーや産業技術力の強化等の技術開発マネージメント等,バイオ・材料部専門調査員,無,有※
875,今泉　裕治,60,中部森林管理局長,林野庁,2024-03-31,2024-08-22,公益社団法人国土緑化推進機構,緑の募金による森林の整備、緑化の推進及びそれらに関する国際協力,常務理事（事業担当）,無,無
876,江坂　文寿,60,関東森林管理局次長,林野庁,2024-03-31,2024-06-01,一般社団法人林道安全協会,林道等の通行に関する安全管理業務、指導啓発活動等,専務理事,無,無
877,江坂　文寿,60,関東森林管理局次長,林野庁,2024-03-31,2024-07-01,一般社団法人全国森林土木建設業協会,森林土木事業の技術開発、労働安全の確保等に関する調査研究及び指導普及等,専務理事,無,無
878,大竹　武司,60,林野庁林政部林政課管理官,林野庁,2024-03-31,2024-07-01,一般財団法人日本森林林業振興会,林業・森林の調査、森林の評価、森林の利活用関連業務、森林林業用資材等の販売,東京支部長,無,有
879,大本　修,60,近畿農政局南近畿土地改良調査管理事務所長,農林水産省,2024-03-31,2024-07-01,若鈴コンサルタンツ株式会社,建設コンサルタント,技術顧問,無,無
880,岡田　靖志,60,北海道森林管理局留萌北部森林管理署長,林野庁,2024-03-31,2024-07-01,一般財団法人日本森林林業振興会,林業・森林の調査、森林の評価、森林の利活用関連業務、森林林業用資材等の販売,札幌支部函館支所主幹,無,有
881,小原　英一,60,農林水産省大臣官房予算課経理調査官,農林水産省,2024-03-31,2024-07-01,公益社団法人日本食肉協議会,食肉の生産、流通及び消費並びに食肉に関する情報の提供及び知識の普及・啓発に係る事業,参与,無,無
882,梶岡　雅人,60,北海道森林管理局根釧西部森林管理署長,林野庁,2024-03-31,2024-07-01,一般財団法人日本森林林業振興会,林業・森林の調査、森林の評価、森林の利活用関連業務、森林林業用資材等の販売,札幌支部帯広支所長,無,有
883,片山　宏文,60,近畿中国森林管理局鳥取森林管理署長,林野庁,2024-03-31,2024-07-01,一般財団法人日本森林林業振興会,林業・森林の調査、森林の評価、森林の利活用関連業務、森林林業用資材等の販売,大阪支部森林調査部長,無,有
884,勝部　剛,60,東海農政局地方参事官,農林水産省,2024-03-31,2024-05-21,島根県農業協同組合,営農指導、農産物の販売、信用・共済事業等,斐川地区本部社員,無,無
885,加藤　公平,60,農林水産省大臣官房付 兼 復興庁福島復興局次長,復興庁,2024-03-31,2024-07-16,株式会社三祐コンサルタンツ,農業農村開発等に係る企画・設計等のコンサルティング業務,東京支社常務執行役員,無,無
886,上　練三,60,林野庁林政部林政課林業・木材産業情報分析官 兼 林野庁国有林野部経営企画課付（北海道森林管理局長）,林野庁,2024-03-31,2024-06-01,日本合板工業組合連合会,合板産業の発展に向けた事業の実施、会員及びその組合員の経営の安定と合理化の推進,専務理事 兼 事務局長,無,無
887,河崎　真佐志,60,北海道森林管理局渡島森林管理署長,林野庁,2024-03-31,2024-06-01,岩倉建設株式会社,建設事業,技術顧問,無,無
888,川田　良浩,59,動物検疫所羽田空港支所長,厚生労働省,2024-03-31,2024-06-18,一般社団法人ジャパンケネルクラブ,犬籍登録、展覧会・競技会等に関する事業,専務理事,無,無
889,川村　文洋,60,東北農政局農村振興部長,農林水産省,2024-03-31,2024-07-01,一般財団法人日本水土総合研究所,農業農村整備事業及び農村振興に関する調査研究,主席研究員 兼 調査研究部長,無,無
890,北川　剛,60,東北農政局河南二期農業水利事業所長,農林水産省,2024-03-31,2024-08-01,日本振興株式会社,建設コンサルタント,名古屋支店農水事業部技師長,無,無
891,桑原　耕一,60,農林水産省農村振興局整備部付,農林水産省,2024-03-31,2024-09-01,株式会社丸島アクアシステム,鋼構造物製造等,東京支店技術顧問,無,無
892,小鷲　博之,60,農林水産省大臣官房検査・監察部調整・監察課会計監査室長,農林水産省,2024-03-31,2024-06-01,一般財団法人都市農山漁村交流活性化機構,都市と農山漁村の交流促進、農山漁村地域の活性化に関する調査研究・開発、普及啓発等,総務部長（嘱託）,無,無
893,齋藤　伸,60,中国四国農政局付,農林水産省,2024-03-31,2024-07-01,一般社団法人地域環境資源センター,水と土の循環維持、水質保全、農村環境等に関する調査研究、普及啓発等,農村環境部長,無,無
894,佐藤　敏郎,60,九州森林管理局北薩森林管理署長,林野庁,2024-03-31,2024-07-01,九州国有林林業生産協会,会員の技術の向上、労働安全衛生の確保等を図るための研修及び情報の提供,専務理事,無,無
895,東海林　見,60,東北森林管理局岩手北部森林管理署長,林野庁,2024-03-31,2024-07-01,一般財団法人日本森林林業振興会,林業・森林の調査、森林の評価、森林の利活用関連業務、森林林業用資材等の販売,青森支部総務部長代理（主席）,無,有
896,白山　幸一,60,農林水産省農村振興局整備部設計課農村資源情報分析官（東北農政局土地改良技術事務所長）,農林水産省,2024-03-31,2024-07-01,若築建設株式会社,公共事業等の土木工事に係る技術指導,常任顧問,無,無
897,進藤　惣治,60,農林水産省農村振興局整備部付,農林水産省,2024-03-31,2024-04-01,国立研究開発法人国際農林水産業研究センター,熱帯及び亜熱帯に属する地域その他開発途上地域における農林水産業に関する技術向上のための試験研究等,特別研究員,無,無
898,神馬　勇雄,60,中国四国農政局吉井川農業水利事業所長,農林水産省,2024-03-31,2024-07-01,株式会社熊谷組,総合建設業,東北支店技術推進部長,無,無
899,髙橋　東,60,中部森林管理局次長,林野庁,2024-03-31,2024-07-01,一般財団法人日本森林林業振興会,林業・森林の調査、森林の評価、森林の利活用関連業務、森林林業用資材等の販売,前橋支部長,無,有
900,髙橋　徹,60,近畿農政局土地改良技術事務所長,農林水産省,2024-03-31,2024-07-01,一般財団法人日本水土総合研究所,農業農村整備事業及び農村振興に関する調査研究,主席研究員,無,無
901,武森　美紀男,60,北海道森林管理局空知森林管理署長,林野庁,2024-03-31,2024-07-01,日本林業土木株式会社,森林・林業土木関係資材の販売等,札幌出張所長,無,無
902,塚田　孝二,60,農林水産研修所長,農林水産省,2024-03-31,2024-12-16,株式会社東急コミュニティー,マンション管理,渋谷支店嘱託,無,無
903,坪田　昇三,60,東北農政局総務部長,総務省,2024-03-31,2024-07-01,参議院議員宮崎雅夫事務所,国会業務,公設第1秘書,無,無
904,利根　基文,60,関東農政局利根川水系土地改良調査管理事務所長,農林水産省,2024-03-31,2024-11-25,一般社団法人日本養鶏協会,養鶏生産物の需給の安定、消費の促進及び養鶏に関する情報の収集、提供等の活動,業務第一部職員,無,無
905,仲澤　正,60,農林水産省大臣官房参事官,農林水産省,2024-03-31,2024-06-01,日本甘蔗糖工業会,甘蔗糖業の振興発展のための協力・調査研究等,事務局員（非常勤）,無,無
906,仲澤　正,60,農林水産省大臣官房参事官,農林水産省,2024-03-31,2024-07-30,日本甘蔗糖工業会,甘蔗糖業の振興発展のための協力・調査研究等,専務理事,無,無
907,中西　誠,59,林野庁林政部付,林野庁,2024-03-31,2024-05-01,一般社団法人林業機械化協会,林業の機械化の促進、森林・林業・環境技術の進歩・普及,総括技術調査役,無,有
908,中東　一,60,農林水産省大臣官房政策課政策情報分析官（東北農政局次長）,農林水産省,2024-03-31,2024-06-01,公益財団法人中央果実協会,果実の安定的な生産出荷及び果樹農家の経営の支援に関する事業等,審議役,無,無
909,西村　裕二,60,関東農政局消費・安全部長,農林水産省,2024-03-31,2024-09-01,全国米穀販売事業共済協同組合,米穀販売業者のための米穀及び関連商品の共同購入・販売、共済事業、事業に関する調査・研究等,業務部 兼 経営相談室主幹,無,無
910,根本　賢治,60,農林水産省経営局金融調整課金融調整官,農林水産省,2024-03-31,2024-07-01,公益社団法人中央畜産会,畜産経営の改善、安全な畜産物の生産、家畜衛生の向上,資金・経営対策部参与,無,無
911,廣川　一郎,60,関東農政局栃木南部農業水利事業所長,農林水産省,2024-03-31,2024-07-01,前田建設工業株式会社,建設事業等,北陸支店土木部部長（技術担当）,無,無
912,廣野　淳,60,水産庁増殖推進部漁場資源課漁業資源情報分析官 兼 水産庁増殖推進部研究指導課付（水産庁増殖推進部長）,水産庁,2024-03-31,2024-06-03,一般社団法人マリノフォーラム21,国内外の水産業の振興支援,技術顧問,無,無
913,廣野　淳,60,水産庁増殖推進部漁場資源課漁業資源情報分析官 兼 水産庁増殖推進部研究指導課付（水産庁増殖推進部長）,水産庁,2024-03-31,2024-06-18,一般社団法人マリノフォーラム21,国内外の水産業の振興支援,代表理事会長,無,無
914,福嶋　貢史,60,九州森林管理局宮崎南部森林管理署長,林野庁,2024-03-31,2024-05-01,林業・木材製造業労働災害防止協会,林業・木材製造業における安全衛生管理、安全衛生教育、調査研究及び労働災害防止広報普及事業,嘱託職員（安全管理士）,無,有
915,福田　一宏,60,北陸農政局信濃川水系土地改良調査管理事務所長,農林水産省,2024-03-31,2024-07-01,株式会社チェリーコンサルタント,建設コンサルタント,岡山支社顧問,無,無
916,藤原　達博,60,四国森林管理局四万十森林管理署長,林野庁,2024-03-31,2024-07-01,株式会社あすなろ,造林事業・林産事業・木材土場運営・林業資材販売,四国支社総務部長,無,無
917,松本　寛喜,60,近畿中国森林管理局次長,林野庁,2024-03-31,2024-04-15,宗教法人明治神宮,明治神宮の運営,管理部管理課林苑主任技師,無,無
918,森本　和則,60,北海道森林管理局留萌南部森林管理署長,林野庁,2024-03-31,2024-06-01,アサヒコンサルタント株式会社,測量業務、設計業務、補償業務,札幌支店参与,無,有
919,諸貫　秀樹,60,水産庁増殖推進部漁場資源課長,水産庁,2024-03-31,2024-06-01,一般社団法人日本トロール底魚協会,トロール漁業等に関する国際的な施策・動向の調査研究、国際漁業管理機関等との連携・協力の推進等,専務理事,無,無
920,吉永　俊郎,60,林野庁林政部付,林野庁,2024-03-31,2024-05-01,公益社団法人国土緑化推進機構,緑の募金による森林の整備、緑化の推進及びそれらに関する国際協力,調査役,無,無
921,渡部　博司,60,九州農政局総務部長,総務省,2024-03-31,2024-05-13,小湊鐵道株式会社,鉄道事業、旅客自動車運送業（乗合バス・観光バス）,嘱託（契約）社員（鉄道部運輸課）,無,無
922,櫻谷　満一,58,農林水産技術会議事務局研究調整課付,農林水産省,2024-06-18,2024-06-24,公立大学法人福井県立大学,教育・研究,福井県立大学リサーチ・アドミニストレータ―,無,無
923,赤﨑　暢彦,57,農林水産省大臣官房付,農林水産省,2024-07-05,2024-10-15,全国マヨネーズ・ドレッシング類協会,マヨネーズ・ドレッシング類を製造する会員企業相互の親睦、情報交換、調査、研究,相談役,無,無
924,赤﨑　暢彦,57,農林水産省大臣官房付,農林水産省,2024-07-05,2024-11-15,全国マヨネーズ・ドレッシング類協会,マヨネーズ・ドレッシング類を製造する会員企業相互の親睦、情報交換、調査、研究,専務理事,無,無
925,小川　良介,62,農林水産審議官,農林水産省,2024-07-05,2025-03-11,一般社団法人JA共済総合研究所,農山漁村地域住民の生命・財産の保障、事故予防等に関する調査・研究等,理事長,無,無
926,川合　規史,59,北陸農政局長,農林水産省,2024-07-05,2024-11-05,一般社団法人地域環境資源センター,水と土の循環維持、水質保全、農村環境等に関する調査研究、普及啓発等,総括技術監,無,無
927,熊谷　法夫,60,農林水産省大臣官房審議官 兼 消費・安全局付 兼 輸出・国際局付,農林水産省,2024-07-05,2024-11-26,全国酪農業協同組合連合会,会員農協や酪農家の経営管理・生産技術の指導、飼料等生産資材の提供、牛乳乳製品の製造販売等,専務理事,無,無
928,佐々木　明徳,59,関東農政局次長,農林水産省,2024-07-05,2024-11-01,株式会社大林組,国内外建設工事、地域開発・都市開発・海洋開発・環境整備に関する事業,土木本部参与,無,無
929,平形　雄策,60,農林水産省農産局長,農林水産省,2024-07-05,2024-12-01,日清製粉株式会社,業務用の小麦粉、ふすま、その他の加工品及び関連商材の製造・販売,アドバイザー（非常勤）,無,無
930,平形　雄策,60,農林水産省農産局長,農林水産省,2024-07-05,2025-01-01,株式会社極洋,水産品の貿易、加工、買い付け等,顧問,無,無
931,平形　雄策,60,農林水産省農産局長,農林水産省,2024-07-05,2025-02-26,イーサポートリンク株式会社,生鮮青果物等の流通・販売・生産の支援事業,社外監査役,無,無
932,水野　政義,58,農林水産省輸出・国際局長,農林水産省,2024-07-05,2024-11-01,日本中央競馬会,競馬の開催等,参与,無,無
933,村井　正親,58,農林水産省経営局長,農林水産省,2024-07-05,2025-02-01,株式会社農林中金総合研究所,調査研究,エグゼクティブ・アドバイザー（嘱託顧問）,無,無
934,矢野　彰宏,59,九州森林管理局長,林野庁,2024-07-05,2024-08-01,全国素材生産業協同組合連合会,会員の取り扱う立木の協同購買、協同販売、事業に必要な機械器具類の協同購買に関しての情報の提供、指導等,専務理事,無,無
935,矢野　彰宏,59,九州森林管理局長,林野庁,2024-07-05,2024-08-01,全国国有林造林生産業連絡協議会,造林業及び素材生産業に係る要望活動、会員に対する技術研修会の開催等,専務理事,無,無
936,山田　英也,60,農林水産省大臣官房統計部長,農林水産省,2024-07-05,2024-08-25,LEAFRU株式会社,農産物の栽培・加工・販売等,パートタイム,無,無
937,山田　英也,60,農林水産省大臣官房統計部長,農林水産省,2024-07-05,2024-12-01,公益財団法人飯島藤十郎記念食品科学振興財団,米麦等主要食糧に関する食品科学分野の学術研究助成,参事,無,無
938,日置　秀彦,58,農林水産省農村振興局付,農林水産省,2024-09-30,2025-02-01,一般社団法人農業土木事業協会,農業土木事業の計画設計・技術向上に関する調査研究等,技術顧問,無,無
939,北浦　眞吾,60,林野庁林政部林政課林業・木材産業情報分析官 兼 林野庁国有林野部業務課付（北海道森林管理局計画保全部調査官）,林野庁,2024-12-06,2024-12-07,日本林道協会,協会会員に対する技術指導及び助言等,企画部長,無,有
940,井　雄一郎,61,九州農政局農村振興部付（中国四国農政局中国土地改良調査管理事務所長）,農林水産省,2025-01-31,2025-02-05,産山村,地方公務,副村長,無,無
941,和地　真人,61,農林水産省大臣官房検査・監察部検査課検査官（農林水産省大臣官房検査・監察部検査課上席検査官）,農林水産省,2025-01-31,2025-02-01,なぎさ信用漁業協同組合連合会,金融業,嘱託職員,無,無
942,十時　憲司,55,経済産業省大臣官房付,経済産業省,2022-07-01,2024-04-01,川崎重工業株式会社,輸送用機器・産業用機器の開発・製造・販売,執行役員マーケティング・渉外本部長,無,無
943,林　祥一郎,57,経済産業省大臣官房付,経済産業省,2022-07-01,2024-05-28,一般社団法人ビジネス機械・情報システム産業協会,ビジネス機械とそれに付随する情報サービス業の調査研究等,専務理事,無,無
944,石垣　宏毅,60,経済産業省大臣官房付,経済産業省,2023-03-31,2024-07-01,一般社団法人新金属協会,新金属に関する調査研究、情報の収集及び提供、内外関係機関等との交流及び協力等,専務理事,無,無
945,太田　聡,60,経済産業省製造産業局化学物質管理課化学兵器・麻薬原料等規制対策室長,経済産業省,2023-03-31,2024-07-01,一般社団法人繊維評価技術協議会,繊維製品の評価技術に関する調査及び標準化業務等,専務理事,無,無
946,金地　隆志,60,経済産業省産業技術環境局研究開発課技術評価調整官,経済産業省,2023-03-31,2024-05-21,一般財団法人日本塗料工業会,塗料工業の経営、塗料の技術・環境・安全等に関する調査研究及び塗料に関する普及啓発等,常務理事,無,無
947,佐藤　和男,60,東北経済産業局資源エネルギー環境部次長,経済産業省,2023-03-31,2024-04-01,国立大学法人東北大学,教育・研究,東北大学未来科学技術共同研究センター特任教授,無,無
948,鈴木　光弘,60,東北経済産業局産業部長,経済産業省,2023-03-31,2024-05-01,一般財団法人東北電気保安協会,電気設備の保安管理等,企画本部部長,無,無
949,鈴木　光弘,60,東北経済産業局産業部長,経済産業省,2023-03-31,2024-06-27,一般財団法人東北電気保安協会,電気設備の保安管理等,理事（企画本部長）,無,無
950,近村　淳,60,中国経済産業局産業部長,経済産業省,2023-03-31,2024-04-01,国立大学法人広島大学,教育・研究,広島大学産学連携部門長,無,無
951,中牟田　晃,60,九州経済産業局産業部長,経済産業省,2023-03-31,2024-04-01,国立大学法人九州工業大学,教育・研究,イノベーション本部産学イノベーションセンター長,無,有
952,原田　敏行,60,近畿経済産業局産業部長,経済産業省,2023-03-31,2024-04-01,高圧ガス保安協会,高圧ガスによる災害の防止に向け、その保安に関する調査、研究、指導、検査等,近畿支部事務局長,無,有
953,藤岡　伸嘉,60,経済産業省大臣官房付,経済産業省,2023-03-31,2024-05-23,一般社団法人日本自動車部品工業会,自動車部品製造業の振興,常務理事,無,無
954,藤岡　伸嘉,60,経済産業省大臣官房付,経済産業省,2023-03-31,2024-06-26,株式会社自動車部品会館,不動産賃貸業、損害保険代理業,取締役,無,無
955,青木　朋人,60,中国経済産業局長,経済産業省,2023-07-03,2024-07-01,一般財団法人機械振興協会,機械産業における経営の改善及び技術の向上に関する調査研究並びにその他機械産業の振興を図るための事業,常務理事 兼 事務局長 兼 企画室長,無,無
956,小澤　典明,58,資源エネルギー庁次長,経済産業省,2023-07-04,2024-04-01,株式会社IHI,製造業,執行役員,無,無
957,春日原　大樹,56,経済産業省大臣官房付,経済産業省,2023-07-04,2024-04-01,千代田化工建設株式会社,建設業,常務執行役員・社長補佐,無,無
958,角野　然生,58,経済産業省中小企業庁長官,経済産業省,2023-07-04,2024-04-01,伊藤忠商事株式会社,貿易業、売買業、仲立業等,執行役員,無,無
959,髙原　愼太郎,59,特許庁審査第二部長,特許庁,2023-07-04,2024-05-01,すばる特許事務所,弁理士業務,パートナー弁理士,無,無
960,滝本　浩司,56,経済産業省大臣官房付,経済産業省,2023-07-04,2024-06-24,一般財団法人中部電気保安協会,電気設備の保安管理等,専務理事,無,無
961,多田　明弘,60,経済産業事務次官,経済産業省,2023-07-04,2024-05-23,株式会社ライフコーポレーション,スーパーマーケットチェーン,取締役,無,無
962,田中　茂明,59,経済産業省大臣官房付,経済産業省,2023-07-04,2024-04-01,日本製鉄株式会社,製鉄事業,執行役員,無,無
963,平井　裕秀,59,経済産業審議官,経済産業省,2023-07-04,2024-04-01,株式会社日立製作所,電気・産業機械器具の製造・販売、情報通信・情報処理のサービス等,執行役常務,無,無
964,矢島　秀浩,56,経済産業省産業技術環境局産業技術環境政策統括調整官,経済産業省,2023-07-04,2024-06-07,一般財団法人電気安全環境研究所,電気用品等の安全性等の確保に関する認証等の事業,常務理事,無,無
965,木原　栄治,49,経済産業省大臣官房付,経済産業省,2023-07-21,2024-11-05,株式会社大東運輸,貨物自動車運送事業、棄物収集運搬業、警備業,常務取締役,無,無
966,江口　智子,42,経済産業省通商政策局通商機構部国際経済紛争対策室参事官補佐,経済産業省,2023-08-14,2025-02-01,独立行政法人国際協力機構,政府開発援助の実施業務等,ジュニア専門員,無,無
967,吉田　泰彦,60,経済産業省通商政策局通商交渉官,経済産業省,2023-10-31,2024-05-01,一般財団法人海外産業人材育成協会,主に開発途上国の産業人材を対象とした研修及び専門家派遣の実施,理事長補佐,無,無
968,吉田　泰彦,60,経済産業省通商政策局通商交渉官,経済産業省,2023-10-31,2024-06-18,一般財団法人海外産業人材育成協会,主に開発途上国の産業人材を対象とする研修及び専門家派遣の実施,理事長,無,無
969,高畠　昌明,59,資源エネルギー庁廃炉・汚染水・処理水特別対策監,経済産業省,2023-12-31,2024-04-01,一般財団法人東北電気保安協会,電気設備の保安管理等,企画本部部長,無,無
970,高畠　昌明,59,資源エネルギー庁廃炉・汚染水・処理水特別対策監,経済産業省,2023-12-31,2024-06-27,一般財団法人東北電気保安協会,電気設備の保安管理等,専務理事,無,無
971,吉川　徹志,58,経済産業省通商政策局通商交渉官,経済産業省,2023-12-31,2024-04-01,一般財団法人日本自動車研究所,自動車に関する研究,参与,無,無
972,和田　恭,55,経済産業省産業技術環境局総務課産業技術政策上席企画調整官,総務省,2023-12-31,2024-04-01,日本発条株式会社,懸架ばね、自動車用シート、精密ばね、HDD用サスペンション・機構部品、産業機器の製造販売,技術本部技術統括部主管,無,無
973,及川　洋,59,経済産業省商務情報政策局商務・サービスグループ首席国際博覧会統括調整官,経済産業省,2024-01-31,2024-05-01,日本アルコール販売株式会社,工業用アルコール及び関連製品の製造、販売、輸入,秘書室部長,無,無
974,及川　洋,59,経済産業省商務情報政策局商務・サービスグループ首席国際博覧会統括調整官,経済産業省,2024-01-31,2024-06-01,日本アルコール販売株式会社,工業用アルコール及び関連製品の製造、販売、輸入,執行役員（営業部部長）,無,無
975,及川　洋,59,経済産業省商務情報政策局商務・サービスグループ首席国際博覧会統括調整官,経済産業省,2024-01-31,2024-06-01,日本合成アルコール株式会社,工業用合成アルコール（エタノール）の製造、販売,品質保証室長,無,無
976,及川　洋,59,経済産業省商務情報政策局商務・サービスグループ首席国際博覧会統括調整官,経済産業省,2024-01-31,2024-10-01,自営,アドバイザー、コンサルタント,-,無,無
977,五十嵐　悟,60,関東経済産業局地域経済部長,経済産業省,2024-03-31,2024-07-01,武州ガス株式会社,都市ガス事業等,支援ユニット長 兼 社長室長,無,無
978,一倉　正仁,60,関東経済産業局総務企画部付,総務省,2024-03-31,2024-07-01,株式会社足利銀行,金融業,参与,無,無
979,伊藤　周広,60,中部経済産業局資源エネルギー環境部長,経済産業省,2024-03-31,2024-07-01,一般財団法人東海技術センター,公害防止等のための測定分析,嘱託職員（総務部部長）,無,無
980,伊藤　周広,60,中部経済産業局資源エネルギー環境部長,経済産業省,2024-03-31,2024-10-01,一般財団法人東海技術センター,公害防止等のための測定分析,参与,無,無
981,稲原　宏昭,60,中国経済産業局資源エネルギー環境部長,経済産業省,2024-03-31,2024-04-15,自営,旅、自転車、スポーツ、酒、音楽、コミュニティに関する企画・運営,-,無,無
982,井上　宏一,60,経済産業省産業技術環境局総務課国際室長,総務省,2024-03-31,2024-07-01,一般社団法人日本食品機械工業会,食品機械の調査・研究、同産業の発展に資する各種活動等,専務理事,無,無
983,井上　茂夫,60,特許庁審判部審判長（第14部門）,特許庁,2024-03-31,2024-04-01,特許庁,国家公務,調査員,無,無
984,岩崎　政典,60,経済産業省大臣官房付,経済産業省,2024-03-31,2024-07-21,一般社団法人日本スポーツ用品工業協会,スポーツ用品に関する調査及び研究等,事務局長,無,無
985,神戸　浩,60,経済産業省経済産業政策局地域経済産業グループ業務管理官室長,経済産業省,2024-03-31,2024-07-01,一般社団法人全日本冠婚葬祭互助協会,冠婚葬祭互助会事業に関する調査・研究等,参与,無,無
986,工藤　浩一,60,関東経済産業局産業部長,経済産業省,2024-03-31,2024-07-01,東京東信用金庫,金融業,お客様サポート部部付部長,無,無
987,久保　克彦,60,特許庁審判部審判長（第14部門）,特許庁,2024-03-31,2024-04-01,特許庁,国家公務,調査員,無,無
988,小林　裕和,60,特許庁審判部審判長（第34部門）,特許庁,2024-03-31,2024-04-01,特許庁,国家公務,調査員,無,無
989,坂元　耕三,60,九州産業保安監督部長,経済産業省,2024-03-31,2024-07-01,一般財団法人日本規格協会,標準化及び管理技術に関する開発・普及・啓発,標準化企画・管理ユニット長,無,無
990,柴谷　昌宏,60,経済産業省大臣官房付,経済産業省,2024-03-31,2024-07-01,一般財団法人日本エネルギー経済研究所,国内外のエネルギー経済及びエネルギー・環境政策並びにこれらの関連する諸情勢の調査・研究,クリーンエネルギーユニット国際連携グループマネージャー,無,無
991,菅原　知彦,60,北海道経済産業局地域経済部長,経済産業省,2024-03-31,2024-08-01,一般社団法人日本電気協会,電気に関する技術・知識の普及啓発及び広報、技術者及び研究者の養成,北海道支部事務局長,無,無
992,住田　秀弘,60,特許庁審判部審判長（第5部門）,特許庁,2024-03-31,2024-04-01,特許庁,国家公務,調査員,無,無
993,竹上　嗣郎,56,経済産業省大臣官房付,経済産業省,2024-03-31,2024-07-01,サクラグローバルホールディング株式会社,洗浄滅菌事業における国内市場の深耕と海外への展開、病理診断事業における新興国市場への伸展等,顧問（非常勤）,無,無
994,竹上　嗣郎,56,経済産業省大臣官房付,経済産業省,2024-03-31,2024-08-01,国立研究開発法人日本医療研究開発機構,医療分野の研究開発における基礎から実用化までの一貫した研究開発の推進,参事役（任期付）,無,無
995,田村　修司,60,経済産業省製造産業局化学物質管理課化学兵器・麻薬原料等規制対策室長,経済産業省,2024-03-31,2024-07-01,一般財団法人化学研究評価機構,プラスチック製品の安全性等に関する調査,参事 兼 食品接触材料安全センター事業所長,無,無
996,中川　浩之,60,中部経済産業局産業部長,経済産業省,2024-03-31,2024-07-01,高圧ガス保安協会,高圧ガスによる災害の防止に向け、その保安に関する調査、研究、指導、検査等,中部支部事務局長,無,有
997,長﨑　洋一,60,特許庁審判部審判長（第3部門）,特許庁,2024-03-31,2024-04-01,特許庁,国家公務,調査員,無,無
998,永山　純弘,56,経済産業省大臣官房付,経済産業省,2024-03-31,2024-06-01,一般社団法人日本産業機械工業会,産業機械の生産の増進及び改善に関する施策の立案・推進等,事務局長,無,無
999,永山　純弘,56,経済産業省大臣官房付,経済産業省,2024-03-31,2024-11-21,一般社団法人日本産業機械工業会,産業機械の生産の増進及び改善に関する施策の立案・推進等,常務理事,無,無
1000,縄田　俊之,60,経済産業省大臣官房付,経済産業省,2024-03-31,2024-07-01,日本LPガス協会,LPガスの安定供給への取組み、保安の確保、政策提言等,専務理事,無,無
1001,濱田　直春,60,経済産業省大臣官房付,経済産業省,2024-03-31,2024-07-01,一般財団法人マイクロマシンセンター,マイクロマシン等に関する調査・研究等,事務局長 兼 総務部長,無,無
1002,林　浩一,60,経済産業省経済産業政策局地方調整室長,経済産業省,2024-03-31,2024-07-01,合成ゴム工業会,合成ゴム工業の発展に関する調査研究等,事務局長,無,無
1003,藤井　昇,60,特許庁審判部審判長（第11部門）,特許庁,2024-03-31,2024-04-01,特許庁,国家公務,調査員,無,無
1004,細川　洋一,60,近畿経済産業局産業部長,経済産業省,2024-03-31,2024-06-01,一般社団法人日本産業機械工業会,産業機械の生産の増進及び改善に関する施策の立案・推進等,関西支部事務局長代理,無,無
1005,本間　登,60,経済産業省大臣官房付,経済産業省,2024-03-31,2024-07-01,一般財団法人国際資源開発研修センター,鉱物資源に関する人材育成等,総務部長,無,無
1006,松田　剛,60,中小企業庁業務管理官,経済産業省,2024-03-31,2024-07-01,一般社団法人産業環境管理協会,環境管理に関する調査研究等,企画参与 兼 総務部門長,無,無
1007,三浦　裕幸,59,経済産業省大臣官房付,経済産業省,2024-03-31,2024-07-01,互助会保証株式会社,冠婚葬祭互助会の前受金保全に係る保証業務等,総務部次長,無,無
1008,三浦　裕幸,59,経済産業省大臣官房付,経済産業省,2024-03-31,2024-08-23,互助会保証株式会社,冠婚葬祭互助会の前受金保全に係る保証業務等,常務取締役,無,無
1009,宮坂　智芳,60,経済産業省大臣官房付,経済産業省,2024-03-31,2024-07-01,一般社団法人日本商事仲裁協会,商事紛争に関する仲裁・調停・斡旋及びATA／SCCカルネの発給・保証,事務局長代行 兼 総務部長 兼 広報部長,無,無
1010,宮坂　智芳,60,経済産業省大臣官房付,経済産業省,2024-03-31,2024-12-09,一般社団法人日本商事仲裁協会,商事紛争に関する仲裁・調停・斡旋及びATA／SCCカルネの発給・保証,事務局長,無,無
1011,三好　正彦,60,四国経済産業局資源エネルギー環境部電源開発調整官,経済産業省,2024-03-31,2024-06-01,一般財団法人四国産業・技術振興センター,産業振興支援業務,執行役（契約職員）,無,有
1012,村山　勝彦,60,経済産業省通商政策局アジア大洋州課南西アジア室長,経済産業省,2024-03-31,2024-07-01,一般社団法人日本繊維機械協会,繊維機械産業の振興,会長付,無,無
1013,山崎　勝司,60,特許庁審判部審判長（第14部門）,特許庁,2024-03-31,2024-04-01,特許庁,国家公務,調査員,無,無
1014,山下　龍夫,60,経済産業省大臣官房付,経済産業省,2024-03-31,2024-09-02,一般社団法人日本縫製機械工業会,縫製機械等工業の調査、研究,部長,無,無
1015,山下　龍夫,60,経済産業省大臣官房付,経済産業省,2024-03-31,2024-10-11,一般社団法人日本縫製機械工業会,縫製機械等工業の調査、研究,業務執行理事（専務理事）,無,無
1016,山田　正文,60,特許庁審判部審判長（第32部門）,特許庁,2024-03-31,2024-04-01,特許庁,国家公務,調査員,無,無
1017,渡邊　聡,60,特許庁審判部審判長（第26部門）,特許庁,2024-03-31,2024-04-01,特許庁,国家公務,調査員,無,無
1018,芦原　康裕,57,特許庁総務部付,総務省,2024-04-01,2024-04-02,株式会社AIST Solutions,産総研の知的資産等の研究リソースや技術コンサルティング等をベースにした共同研究や事業の共創,知財法務渉外本部副本部長,無,無
1019,五十嵐　努,55,特許庁審判部審判長（第30部門）,特許庁,2024-04-01,2024-06-17,正林国際特許商標事務所,弁理士業務,弁理士,無,有
1020,猪瀨　隆広,54,特許庁審判部審判長（第33部門）,特許庁,2024-04-01,2024-05-23,猪瀨特許事務所,弁理士業務,開業弁理士,無,無
1021,猪瀨　隆広,54,特許庁審判部審判長（第33部門）,特許庁,2024-04-01,2024-06-03,弁理士法人鷲田国際特許事務所,弁理士業務,弁理士,無,有
1022,中村　裕子,59,特許庁審査業務部審査業務課登録室長,特許庁,2024-04-01,2024-07-01,一般財団法人工業所有権協力センター,工業所有権に関する調査,調査業務センター調整部次長,無,有
1023,藤原　直欣,57,特許庁審判部審判長（第14部門長）,特許庁,2024-04-01,2024-07-01,一般財団法人工業所有権協力センター,工業所有権に関する調査,主幹（調査業務指導者）,無,有
1024,白石　重明,59,経済産業省大臣官房付,経済産業省,2024-05-01,2024-10-01,富士電機株式会社,電気機器製造業,常務理事パワエレ営業本部副本部長,無,無
1025,新藤　友理,39,経済産業省商務情報政策局情報経済課長補佐（オンラインモール・アプリストア取引制度担当）,経済産業省,2024-06-15,2024-07-16,アンダーソン・毛利・友常法律事務所外国法共同事業,弁護士業,弁護士,無,無
1026,佐藤　朋哉,56,経済産業省大臣官房付,経済産業省,2024-06-27,2024-10-01,ENERGY IMPACT PARTNERS,金融業,Operating Partner & Senior Advisor,無,無
1027,浅野　俊明,60,中部経済産業局資源エネルギー環境部次長,経済産業省,2024-06-30,2024-10-01,一般社団法人日本自動車部品工業会,自動車部品製造業の振興,中日本支部事務次長,無,無
1028,安達　知彦,51,資源エネルギー庁省エネルギー・新エネルギー部水素・アンモニア課水素・燃料電池戦略室長,経済産業省,2024-06-30,2024-07-01,森・濱田松本法律事務所,弁護士業,弁護士,無,無
1029,小松　拓史,42,経済産業省経済産業政策局産業資金課長補佐,経済産業省,2024-06-30,2024-07-01,有限責任あずさ監査法人,財務書類の監査証明等,シニアマネジャー,無,無
1030,杉原　光俊,41,経済産業省経済産業政策局競争環境整備室長,経済産業省,2024-06-30,2024-07-01,西村あさひ法律事務所・外国法共同事業,弁護士業,パートナー弁護士,無,無
1031,長谷川　昌俊,45,経済産業省経済産業政策局産業創造課長補佐,経済産業省,2024-06-30,2024-07-01,EY新日本有限責任監査法人,財務書類の監査証明等,シニアマネージャー,無,無
1032,吾郷　進平,57,経済産業省大臣官房首席スタートアップ創出推進政策統括調整官 兼 地域経済産業審議官,経済産業省,2024-07-01,2024-10-15,株式会社SUBARU,自動車、航空機、宇宙関連機器及びそれらの部品の製造、販売、修理,常務執行役員海外第二営業本部副本部長 兼 経営企画本部副本部長,無,無
1033,天野　斉,58,特許庁総務部付,総務省,2024-07-01,2024-07-02,国立大学法人北海道大学,教育・研究,北海道大学産学・地域協働推進機構特任教授 兼 産学協働サテライト室長,無,無
1034,石井　哲,56,特許庁審判部審判長（上席・第2部門長）,特許庁,2024-07-01,2024-09-01,一般財団法人工業所有権協力センター,工業所有権に関連する調査,調査業務指導者,無,有
1035,岩永　正嗣,57,経済産業省大臣官房付,経済産業省,2024-07-01,2024-10-01,スズキ株式会社,自動車製造業,経営企画本部シニアアドバイザー,無,無
1036,上村　昌博,54,経済産業省大臣官房サイバーセキュリティ・情報化審議官,経済産業省,2024-07-01,2024-11-01,株式会社リコー,電気機器,セキュリティ統括センターセキュリティ統括室エキスパート,無,無
1037,桂　正憲,59,特許庁特許技監,特許庁,2024-07-01,2024-08-22,桂特許事務所,弁理士業務,開業弁理士,無,無
1038,菊地　則義,58,特許庁審判部審判長（第21部門長）,特許庁,2024-07-01,2025-02-01,国立大学法人奈良先端科学技術大学院大学,教育・研究,奈良先端科学技術大学院大学研究推進機構特任教授,無,有※
1039,渋谷　善弘,57,特許庁審判部審判長（上席・第13部門長）,特許庁,2024-07-01,2024-08-01,新宿中央特許事務所,弁理士業務,弁理士,無,無
1040,須藤　治,57,中小企業庁長官,経済産業省,2024-07-01,2025-01-01,大阪ガス株式会社,公益事業（ガス、電気等）,顧問,無,無
1041,田川　和幸,59,経済産業省大臣官房付,経済産業省,2024-07-01,2024-11-26,一般社団法人日本機械工業連合会,機械工業に関する調査及び研究,副会長 兼 専務理事,無,無
1042,瀧内　健夫,59,特許庁審判部審判長（上席・第29部門長）,特許庁,2024-07-01,2024-10-01,TMI総合法律事務所,弁理士業務,弁理士,無,有
1043,竹谷　厚,56,経済産業省大臣官房付,経済産業省,2024-07-01,2024-11-01,石油資源開発株式会社,エネルギー資源の開発等,海外事業第一本部本部長付,無,無
1044,田中　哲也,53,経済産業省大臣官房審議官（産業技術環境局担当）,経済産業省,2024-07-01,2024-10-01,一般財団法人バイオインダストリー協会,バイオ産業に係る調査、研究,技術顧問,無,無
1045,内藤　真徳,59,特許庁審判部審判長（第15部門）,特許庁,2024-07-01,2024-09-10,国立大学法人東北大学,教育・研究,東北大学産学連携機構知的財産部特任准教授（運営）,無,有
1046,内藤　真徳,59,特許庁審判部審判長（第15部門）,特許庁,2024-07-01,2025-03-01,一般財団法人工業所有権協力センター,工業所有権に関する調査,調査業務指導者,無,無
1047,中村　則夫,59,特許庁審判部審判長（第11部門長）,特許庁,2024-07-01,2024-08-01,弁理士法人第一国際特許事務所,弁理士業,弁理士,無,有
1048,日比野　隆治,57,特許庁審判部審判長（第17部門長）,特許庁,2024-07-01,2024-08-19,株式会社AIRI,技術調査業務,主査,無,有
1049,保坂　伸,61,経済産業審議官,経済産業省,2024-07-01,2024-11-01,株式会社みずほ銀行,金融業,顧問,無,無
1050,保坂　伸,61,経済産業審議官,経済産業省,2024-07-01,2024-12-01,信越化学工業株式会社,化学事業,顧問,無,無
1051,保坂　伸,61,経済産業審議官,経済産業省,2024-07-01,2024-12-03,株式会社NBO総研,企業コンサルティング,代表取締役社長,無,無
1052,保坂　伸,61,経済産業審議官,経済産業省,2024-07-01,2025-02-01,三井化学株式会社,化学製品の製造、販売業等,顧問,無,無
1053,山下　隆也,56,経済産業省大臣官房付,経済産業省,2024-07-01,2024-10-07,一般社団法人日本鉄鋼連盟,鉄鋼の生産、流通、貿易及び消費に関する調査研究等,参与,無,無
1054,山下　毅,59,経済産業省大臣官房業務改革課統括情報セキュリティ対策官,経済産業省,2024-07-01,2024-11-01,一般財団法人高度技術社会推進協会,機械情報産業等の発展と展望等に関する調査研究等,情報システム部長,無,無
1055,矢作　友良,56,経済産業省大臣官房付,経済産業省,2024-07-05,2024-07-06,自営,不動産賃貸,-,無,無
1056,矢作　友良,56,経済産業省大臣官房付,経済産業省,2024-07-05,2024-12-01,株式会社INPEX,エネルギー開発事業等,理事（オセアニア事業本部本部長補佐）,無,無
1057,平塚　敦之,54,経済産業省大臣官房付,経済産業省,2024-07-31,2024-08-05,レオス・キャピタルワークス株式会社,投資運用業、投資助言・代理業等,顧問,無,無
1058,平塚　敦之,54,経済産業省大臣官房付,経済産業省,2024-07-31,2024-08-07,キョーラク株式会社,プラスチック製品の製造・加工及び販売,顧問,無,無
1059,平塚　敦之,54,経済産業省大臣官房付,経済産業省,2024-07-31,2024-08-21,レオス・キャピタルワークス株式会社,投資運用業、投資助言・代理業等,常務取締役,無,無
1060,髙嵜　直子,42,経済産業省通商政策局国際経済部通商交渉調整官,経済産業省,2024-08-13,2024-09-01,弁護士法人アンダーソン・毛利・友常法律事務所,弁護士業,スペシャル・カウンセル,無,無
1061,五十棲　浩二,46,経済産業省商務情報政策局サービス政策課教育産業室長,経済産業省,2024-08-31,2024-09-07,学校法人神山学園,「神山まるごと高等専門学校」の運営,神山学園校長,無,無
1062,都築　直史,55,中小企業庁長官官房中小企業政策統括調整官,経済産業省,2024-09-30,2025-01-01,auエネルギー&ライフ株式会社,電気事業の運営,シニアディレクター,無,無
1063,榎本　吉孝,58,特許庁審判部審判長（上席・第2部門長）,特許庁,2024-10-01,2024-11-01,ピラミデ国際特許事務所,弁理士業務,パートナー弁理士,無,有
1064,北代　真一,57,特許庁審判部審判長（第34部門）,特許庁,2024-10-01,2025-01-06,弁理士法人ITOH,弁理士業務,弁理士,無,有
1065,播磨　良悦,60,特許庁総務部総務課情報技術統括室知的財産情報分析官（システム担当）（特許庁審査業務部審査業務課登録室長）,総務省,2024-10-01,2025-01-01,一般財団法人ソフトウェア情報センター,ソフトウェア関連技術等の動向に係る情報の収集事業,特許・技術情報センター管理部部長代理,無,有
1066,長谷　駿介,34,経済産業省経済産業政策局地域経済産業政策課長補佐（開発担当）,経済産業省,2024-10-31,2024-11-01,デロイトトーマツファイナンシャルアドバイザリー合同会社,事業承継、M&A、地域企業支援等,マネジャー,無,無
1067,福井　悟,57,特許庁審判部審判長（第25部門長）,特許庁,2025-01-01,2025-01-16,すばる特許事務所,弁理士業務,弁理士,無,有
1068,河原畑　徹,55,国土交通省大臣官房付,国土交通省,2022-06-28,2024-06-18,株式会社テレビ西日本,テレビジョン放送,監査役,無,無
1069,河原畑　徹,55,国土交通省大臣官房付,国土交通省,2022-06-28,2024-06-25,ラブエフエム国際放送株式会社,超短波放送事業,監査役,無,無
1070,河原畑　徹,55,国土交通省大臣官房付,国土交通省,2022-06-28,2024-06-27,西日本鉄道株式会社,鉄道業、自動車運送事業、国際物流事業ほか,取締役監査等委員,無,無
1071,田中　敬三,57,国土交通省大臣官房付,国土交通省,2022-07-01,2024-06-27,日本住宅パネル工業協同組合,建築部品の共同販売、建築物の設計・監理、施工等,理事長,無,無
1072,長谷川　直之,62,気象庁長官,気象庁,2023-01-05,2024-06-28,一般財団法人気象業務支援センター,気象情報の配信、気象予報士試験の実施等,理事長,無,無
1073,赤間　英樹,60,北海道開発局開発監理部会計課長,国土交通省,2023-03-31,2024-05-14,一般社団法人北海道測量設計業協会,測量・設計関連業,専務理事,無,無
1074,阿部　裕一,60,九州運輸局下関海事事務所長,国土交通省,2023-03-31,2024-06-01,一般財団法人九州港湾福利厚生協会,港湾労働者住宅及び宿泊設備の設備及び運営等の事務,事務職員,無,無
1075,江隈　幸弘,60,九州運輸局佐賀運輸支局長,国土交通省,2023-03-31,2024-05-23,一般社団法人福岡県タクシー協会,タクシー事業の健全な運営及び発達に資するための指導、調査研究及び対策等,専務理事,無,無
1076,川上　浩司,60,気象庁大阪管区気象台関西航空地方気象台次長,気象庁,2023-03-31,2024-04-01,独立行政法人国立青少年教育振興機構,青少年教育に関する業務,国立三瓶青少年交流の家事業推進係員,無,無
1077,髙下　浩志,60,海上保安庁中城海上保安部巡視船いしがき船長,海上保安庁,2023-03-31,2024-07-01,瀬戸内海汽船株式会社,海運業,運航管理者,無,無
1078,佐々木　庸敏,60,九州運輸局熊本運輸支局長,国土交通省,2023-03-31,2024-05-01,一般社団法人熊本県バス協会,バス事業の適正な運営及び健全な発展に資する業務,参与,無,無
1079,佐々木　庸敏,60,九州運輸局熊本運輸支局長,国土交通省,2023-03-31,2024-06-01,一般社団法人熊本県バス協会,バス事業の適正な運営及び健全な発展に資する業務,専務理事,無,無
1080,田内　文雄,60,近畿運輸局大阪運輸支局長,国土交通省,2023-03-31,2024-06-11,一般社団法人大阪バス協会,バス事業の適正な運営及び健全な発展に資する業務,専務理事,無,無
1081,忠　好,60,北陸信越運輸局自動車技術安全部長,国土交通省,2023-03-31,2024-05-01,北陸信越山岳観光索道協会,索道事業の健全な発達、利用者サービスの向上,嘱託職員,無,無
1082,忠　好,60,北陸信越運輸局自動車技術安全部長,国土交通省,2023-03-31,2024-05-01,北陸信越鉄道協会,鉄道事業の健全な発達、利用者サービスの向上,嘱託職員,無,無
1083,忠　好,60,北陸信越運輸局自動車技術安全部長,国土交通省,2023-03-31,2024-06-05,北陸信越鉄道協会,鉄道事業の健全な発達、利用者サービスの向上,専務理事,無,無
1084,忠　好,60,北陸信越運輸局自動車技術安全部長,国土交通省,2023-03-31,2024-10-22,北陸信越山岳観光索道協会,索道事業の健全な発達、利用者サービスの向上,専務理事,無,無
1085,中島　由貴,60,国土技術政策総合研究所研究総務官,総務省,2023-03-31,2024-08-01,株式会社神警エンタープライズ,警備業,業務部長,無,無
1086,古橋　由忠,60,中部運輸局自動車交通部長,国土交通省,2023-03-31,2024-06-17,一般社団法人静岡県自動車会議所,自動車登録番号標の交付代行等,専務理事,無,無
1087,本田　武志,60,国土交通省大臣官房付,国土交通省,2023-03-31,2024-09-01,公益財団法人区画整理促進機構,区画整理事業の事業化及び事業促進の支援等,特別参与,無,無
1088,本田　武志,60,国土交通省大臣官房付,国土交通省,2023-03-31,2024-09-30,公益財団法人区画整理促進機構,区画整理事業の事業化及び事業促進の支援等,業務執行理事,無,無
1089,松永　秀雄,60,海上保安庁来島海峡海上交通センター所長,海上保安庁,2023-03-31,2024-06-18,光商産業株式会社,海洋鋼構造物の製造、設置等,取締役,無,無
1090,水野　実也,60,四国運輸局香川運輸支局長,国土交通省,2023-03-31,2024-05-01,一宮運輸株式会社,貨物自動車運送事業,安全品質推進本部技師長,無,無
1091,南　多聞,60,国土交通省鉄道局付,国土交通省,2023-03-31,2024-08-01,京王電鉄株式会社,鉄道事業ほか,鉄道事業本部参与,無,無
1092,吉澤　實敏,60,北陸信越運輸局長野運輸支局長,国土交通省,2023-03-31,2024-07-01,公益社団法人長野県バス協会,バス事業の適正な運営及び健全な発展に資する業務,事業部長,無,無
1093,小田　浩生,59,国土交通省港湾局付,国土交通省,2023-04-01,2023-07-01,一般財団法人港湾空港総合技術センター,港湾、空港等の建設技術調査研究、事業実施の支援等,上席研究員,無,無
1094,加藤　正光,58,中部運輸局三重運輸支局長,国土交通省,2023-04-01,2024-06-08,一般社団法人岐阜県自動車整備振興会,自動車整備事業の適正な運営と健全な発展に関する業務,専務理事,無,無
1095,小山　寛,58,国土交通省北海道局付,国土交通省,2023-04-01,2024-04-19,株式会社リソー教育,教育（高校生を対象とした進学指導等）,非常勤講師,無,有※
1096,髙橋　雅一,58,北海道開発局開発監理部開発調査課長,国土交通省,2023-04-01,2024-04-02,株式会社農土コンサル,建設コンサルタント・測量業・派遣業（特定）,常務取締役,無,無
1097,永山　透,55,国土交通省大臣官房付,国土交通省,2023-04-01,2024-12-17,司法書士しまやリーガルサービス,司法書士業,司法書士,無,無
1098,三輪　賢志,55,国土交通省大臣官房付,国土交通省,2023-04-01,2024-07-16,東京コンサルタンツ株式会社,建設コンサルタント事業等,執行役員技術本部技師長,無,無
1099,玉越　哲治,59,海上保安庁門司海上保安部長,海上保安庁,2023-04-15,2024-04-01,アスト株式会社,倉庫及び海運業,海運本部付顧問,無,無
1100,岩元　昭博,42,国土交通省航空局安全部無人航空機安全課専門官,国土交通省,2023-04-30,2024-08-01,品川区,地方公務,コンプライアンス推進指導員,無,無
1101,魚住　聡,60,国土交通省北海道局付,国土交通省,2023-07-01,2024-06-13,一般社団法人寒地港湾空港技術研究センター,寒冷地における港湾・空港に関する調査研究,理事長,無,無
1102,野津　真生,56,国土交通省自動車局次長,国土交通省,2023-07-01,2024-06-21,一般社団法人日本自動車連盟,交通安全活動、故障車の救援、自動車ユーザーの権益擁護、モータースポーツの振興等,専務理事,無,無
1103,平井　隆志,56,国土交通省自動車局付,国土交通省,2023-07-01,2024-06-26,えちごトキめき鉄道株式会社,鉄道事業,代表取締役社長,無,無
1104,堀　尚紀,59,国土交通省大臣官房付,国土交通省,2023-07-01,2024-08-29,北陸パブリックメンテナンス株式会社,建設業,代表取締役,無,無
1105,光井　裕二,57,国土交通省大臣官房付,国土交通省,2023-07-01,2024-06-28,一般財団法人地域開発研究所,地域開発に関する調査・研究、建設技術者の養成・研修,常務理事,無,無
1106,安邊　英明,57,国土交通省大臣官房付,国土交通省,2023-07-04,2024-06-28,一般財団法人建設業振興基金,建設業の振興,理事,無,無
1107,奥村　康博,59,国土交通省大臣官房付,国土交通省,2023-07-04,2024-07-01,見坂茂範後援会,政治活動の支援,副代表,無,無
1108,久保田　雅晴,58,国土交通省航空局長,国土交通省,2023-07-04,2024-06-28,関西エアポート株式会社,関西国際空港、伊丹空港、神戸空港の空港運営,顧問,無,無
1109,久保田　雅晴,58,国土交通省航空局長,国土交通省,2023-07-04,2024-11-01,株式会社大林組,建設・土木・海洋・不動産・コンサルティング,顧問,無,無
1110,高村　裕平,57,国土交通省大臣官房付,国土交通省,2023-07-04,2024-06-04,公益社団法人日本河川協会,河川に関する情報の交流と知識の普及、河川整備及び関連諸活動の支援,専務理事,無,無
1111,長尾　純二,59,国土交通省大臣官房付,国土交通省,2023-07-04,2024-07-01,見坂茂範後援会,政治活動の支援,事務局長,無,無
1112,新田　慎二,57,国土交通省大臣官房付,国土交通省,2023-07-04,2024-04-01,一般社団法人全国ハイヤー・タクシー連合会,一般乗用旅客自動車運送事業の適正な運営及び健全な発展に資するための調査、研究、対策,事務局参与,無,無
1113,新田　慎二,57,国土交通省大臣官房付,国土交通省,2023-07-04,2024-06-25,一般社団法人全国ハイヤー・タクシー連合会,一般乗用旅客自動車運送事業の適正な運営及び健全な発展に資するための調査、研究、対策,常務理事,無,無
1114,畠中　秀人,58,国土交通省大臣官房付,国土交通省,2023-07-04,2024-07-01,一般財団法人先端建設技術センター,建設事業に係る先端的な技術に関する調査研究、開発及び普及,業務執行理事 兼 企画部長,無,無
1115,藤井　直樹,62,国土交通事務次官,国土交通省,2023-07-04,2024-04-01,株式会社ハミングバード,ドローンスクールの運営等,アドバイザー,無,無
1116,藤井　直樹,62,国土交通事務次官,国土交通省,2023-07-04,2024-07-01,損害保険ジャパン株式会社,損害保険事業等,顧問,無,無
1117,荒瀬　美和,60,四国地方整備局長,国土交通省,2023-07-11,2024-05-16,一般社団法人プレストレスト・コンクリート建設業協会,プレストレスト・コンクリート技術の進歩改善に関する調査研究及びその促進に関する事業等,副会長 兼 専務理事,無,無
1118,中島　洋,59,国土交通省港湾局付,国土交通省,2023-07-14,2024-05-29,公益社団法人日本港湾協会,港湾に関する調査研究及び知識の普及等,専務理事,無,無
1119,長谷川　貴彦,57,国土交通省大臣官房付,国土交通省,2023-07-31,2024-06-20,住宅保証機構株式会社,住宅建設瑕疵担保責任保険契約の引受け等,代表取締役社長,無,無
1120,奥田　薫,59,国土交通省港湾局付,国土交通省,2023-09-08,2024-06-13,一般財団法人港湾空港総合技術センター,港湾、空港等の建設技術調査研究、事業実施の支援等,常務理事,無,無
1121,天野　雄介,59,国土交通省大臣官房海外プロジェクト審議官,国土交通省,2023-10-01,2024-04-01,公益財団法人河川財団,河川に関する活動（調査研究・啓発活動等）に対する助成と普及事業等,参事,無,無
1122,磯野　正義,55,国土交通省大臣官房付,国土交通省,2023-10-01,2024-07-01,株式会社ジェイアール貨物・不動産開発,JR貨物グループが保有する建物の維持管理等,顧問,無,無
1123,磯野　正義,55,国土交通省大臣官房付,国土交通省,2023-10-01,2024-07-01,一般財団法人海上災害防止センター,海上防災のための措置を実施する各種業務,常務理事,無,無
1124,柏木　隆久,59,国土交通省大臣官房付,国土交通省,2023-10-01,2024-04-01,津軽海峡フェリー株式会社,フェリー事業,代表取締役社長,無,無
1125,柏木　隆久,59,国土交通省大臣官房付,国土交通省,2023-10-01,2024-04-01,津軽海峡フェリーマネジメント株式会社,フェリー事業・物流事業のグループ管理,取締役,無,無
1126,髙野　誠紀,59,国土交通省港湾局付,国土交通省,2023-10-01,2024-06-26,一般財団法人沿岸技術研究センター,沿岸域及び海洋に関する調査・研究や技術の普及・啓発,代表理事・専務理事,無,無
1127,細井　俊宏,58,国土交通省北海道局付,国土交通省,2023-10-01,2024-05-27,一般社団法人北海道土地改良建設協会,積雪寒冷期における農業土木工事に関する調査研究等,専務理事,無,無
1128,荒上　功,59,東京航空局新千歳空港事務所長,国土交通省,2024-01-01,2024-04-01,福岡国際空港株式会社,空港運営事業等,オペレーションマネジメント部特任部長,無,無
1129,保坂　和彦,59,海上保安庁清水海上保安部御前崎海上保署長,海上保安庁,2024-03-15,2024-06-01,日本冲荷役安全協会,冲荷役の安全確保に必要な指導及び助言に関する業務,横浜支部業務部長,無,無
1130,秋本　正夫,60,国土交通省大臣官房付,国土交通省,2024-03-31,2024-04-01,一般財団法人運輸振興協会,運輸交通の健全な発展と社会福祉の増進に貢献するための事業活動,保険部次長 兼 業務第一課長,無,無
1131,井上　義雄,65,海上保安庁下田海上保安部巡視船かの船長,海上保安庁,2024-03-31,2024-06-01,公益社団法人東京湾海難防止協会,海難防止に関する調査研究、周知宣伝等の事業,航行安全管理者,無,無
1132,江口　満,60,海上保安庁海上保安大学校校長,海上保安庁,2024-03-31,2024-06-26,一般財団法人日本海洋レジャー安全・振興協会,海洋レジャーの安全及び振興等に関する事業,理事長,無,無
1133,柿沼　宏明,45,国土交通省大臣官房参事官,国土交通省,2024-03-31,2024-04-11,Clutch.55株式会社,観光を通じた持続可能な地域社会づくりの支援,代表取締役,無,無
1134,川路　勉,59,国土交通省海事局付,国土交通省,2024-03-31,2024-07-01,船員災害防止協会,船員の労働安全衛生に関する講習会、安全対策訓練等の実施、周知啓発活動等,専務理事,無,無
1135,黒良　龍太,60,気象庁東京管区気象台東京航空地方気象台台長,気象庁,2024-03-31,2024-07-01,一般財団法人気象業務支援センター,気象業務の提供、気象予報士試験の実施、気象測器の検定等,試験部長,無,無
1136,白木　広治,60,中部運輸局自動車交通部長,国土交通省,2024-03-31,2024-05-21,一般社団法人愛知県トラック協会,トラック事業の適正な運営及び健全な発展に資する業務,役員待遇,無,無
1137,白木　広治,60,中部運輸局自動車交通部長,国土交通省,2024-03-31,2024-06-17,一般社団法人愛知県トラック協会,トラック事業の適正な運営及び健全な発展に資する業務,専務理事,無,無
1138,西田　学,60,海上保安庁福岡海上保安部巡視船やしま業務管理官,海上保安庁,2024-03-31,2024-07-01,北陸電力株式会社,電気供給事業,特別嘱託,無,無
1139,野見山　知嗣,63,国土交通省海事局総務課首席海技試験官,総務省,2024-03-31,2024-04-15,公益財団法人日本船員雇用促進センター,船員の知識・技能の習得と向上のための訓練及び雇用の促進,業務委嘱,無,無
1140,松井　裕,53,国土交通省海事局付,国土交通省,2024-03-31,2024-04-01,一般財団法人日本造船技術センター,船舶の造船技術等に関する調査、研究等,技術開発部長 兼 総合コンサルティング事業室長,無,無
1141,青島　豊一,60,国土交通省港湾局技術企画課港湾保全政策室長,国土交通省,2024-04-01,2024-07-01,一般財団法人港湾空港総合技術センター,港湾、空港等の建設技術調査研究、事業実施の支援等,調査部長,無,無
1142,赤羽　武彦,55,国土交通省不動産・建設経済局不動産業課不動産業指導室長,国土交通省,2024-04-01,2024-07-01,一般財団法人建設業情報管理センター,建設業に関する情報の収集、処理、加工及び提供,企画業務部副部長,無,無
1143,明間　徳文,60,国土交通省航空局航空ネットワーク部空港技術課空港保安防災企画室長,国土交通省,2024-04-01,2024-07-01,一般財団法人航空保安施設信頼性センター,航空保安施設の保守点検、信頼性向上に関する調査研究等,総務部長,無,無
1144,麻岡　秀行,60,国土交通省海事局付,国土交通省,2024-04-01,2024-07-01,一般財団法人日本造船技術センター,船舶の造船技術等に関する調査、研究等,海外協力部長,無,無
1145,新　一真,58,国土交通省大臣官房付,国土交通省,2024-04-01,2024-08-01,一般財団法人経済調査会,経済の調査研究、物価・工事費等の調査,審議役,無,無
1146,渥美　昌邦,59,中部運輸局観光部次長,国土交通省,2024-04-01,2024-05-01,一般社団法人静岡県自動車会議所,自動車検査登録印紙等の販売、登録番号標の交付等,浜松事務所契約所員,無,無
1147,渥美　昌邦,59,中部運輸局観光部次長,国土交通省,2024-04-01,2024-08-01,一般社団法人静岡県自動車会議所,自動車検査登録印紙等の販売、登録番号標の交付等,浜松事務所次長,無,無
1148,阿部　修也,58,北海道開発局札幌開発建設部次長,国土交通省,2024-04-01,2024-07-01,一般財団法人河川情報センター,河川・流域情報の収集、処理・加工、解析、保管及び提供に関する調査研究及び技術開発等,札幌センター次長,無,無
1149,鮎瀬　正和,59,関東地方整備局総務部総括調整官,総務省,2024-04-01,2024-07-01,全国建設弘済協議会,会員が行う社会資本整備事業等に関する連絡調整,事務局長,無,無
1150,有路　仙之,60,東北運輸局山形運輸支局長,国土交通省,2024-04-01,2024-07-01,公益社団法人山形県トラック協会,トラック事業の適正な運営及び健全な発展に資する業務,適正化事業部長,無,無
1151,五十嵐　一夫,59,関東地方整備局道路部道路環境対策技術分析官（関東地方整備局川崎国道事務所長）,国土交通省,2024-04-01,2024-07-01,一般財団法人日本建設情報総合センター,建設事業の円滑な執行に資する情報システムの調査研究、開発・改良及び運用・保守等,建設副産物情報センター次長,無,無
1152,五十嵐　岳彦,60,北海道開発局開発監理部広報室長,国土交通省,2024-04-01,2024-09-01,北海道道路エンジニアリング株式会社,建設コンサルタント業,総務部部長,無,無
1153,石井　秀樹,56,国土交通省大臣官房付,国土交通省,2024-04-01,2024-07-01,公益財団法人日本下水道新技術機構,下水道に関する調査、研究、開発及び評価,総務部 兼 企画部副部長,無,無
1154,石川　浩行,60,関東運輸局海上安全環境部首席外国船舶監督官,国土交通省,2024-04-01,2024-06-01,一般財団法人日本造船技術センター,船舶の造船技術等に関する調査、研究等,研修・技術支援室長代理,無,無
1155,石原　典雄,60,国土交通省海事局付,国土交通省,2024-04-01,2024-07-20,今治造船株式会社,造船業,理事,無,無
1156,伊藤　徹也,60,北海道開発局港湾空港部港湾行政課長,国土交通省,2024-04-01,2024-07-01,藤建設株式会社,建設業,技術顧問,無,無
1157,伊藤　雄造,60,中国運輸局岡山運輸支局長,国土交通省,2024-04-01,2024-06-01,公益社団法人岡山県バス協会,バス事業の適正な運営及び健全な発展に資する業務,事務局長,無,無
1158,稲沢　文啓,60,近畿運輸局大阪運輸支局長,国土交通省,2024-04-01,2024-07-01,京都倉庫協会,倉庫業に係る調査・研究、協会会員の連絡協調、親睦,事務局長,無,無
1159,井上　啓,59,関東地方整備局防災対策技術分析官（関東地方整備局宇都宮国道事務所長）,国土交通省,2024-04-01,2024-07-01,一般社団法人関東地域づくり協会,国土の利用及び整備又は保全、災害防止、環境に関する事業の円滑な推進,業務企画部担当部長,無,無
1160,上野　純一,56,国土交通省大臣官房総括監察官,国土交通省,2024-04-01,2024-07-01,住宅保証機構株式会社,住宅建設瑕疵担保責任保険契約の引受け等,取締役執行役員,無,無
1161,牛﨑　昇,60,国土交通省海事局総務課海洋教育・海事振興企画室長,総務省,2024-04-01,2024-07-01,一般社団法人日本旅客船協会,旅客船事業の振興,総務部長,無,無
1162,梅本　和義,59,国土交通省港湾局付,国土交通省,2024-04-01,2024-07-01,公益社団法人日本港湾協会,港湾に関する調査研究及び知識の普及等,総務部副部長 兼 業務部副部長,無,無
1163,遠藤　武,60,航空保安大学校長,国土交通省,2024-04-01,2024-07-16,公益財団法人航空輸送技術研究センター,航空輸送における技術の改善に関する調査・研究等,専務理事,無,無
1164,遠藤　龍美,60,国土交通省物流・自動車局付,国土交通省,2024-04-01,2024-06-01,公益財団法人日本デザインナンバー財団,自動車のナンバープレートの活用等を通じた交通の利便性等の向上等に関する事業への支援事業,事務局長,無,無
1165,塩谷　仁,60,国土交通省鉄道局施設課鉄道防災対策室長,国土交通省,2024-04-01,2024-07-16,京浜急行電鉄株式会社,鉄道事業,鉄道本部安全推進部担当部長,無,無
1166,大谷　晃正,60,近畿運輸局海事振興部長,国土交通省,2024-04-01,2024-07-01,鴻池運輸株式会社,倉庫業、貨物自動車運送事業、貨物利用運送事業等,コンプライアンス部専任部長,無,無
1167,大場　勝信,60,東北地方整備局総務部総括調整官,総務省,2024-04-01,2024-06-12,株式会社シビル設計,発注者支援業務、測量設計業務,監査役（非常勤）,無,無
1168,岡　清志,60,大阪航空局総務部長,総務省,2024-04-01,2024-07-01,株式会社日本空港コンサルタンツ,建設コンサルタント業,西日本支社企画部担当部長,無,無
1169,岡村　清二,60,関東運輸局観光部長,国土交通省,2024-04-01,2024-06-01,京浜海運貨物取扱同業会,海運貨物取扱業者で組織する団体の運営,専務理事,無,無
1170,奥　康彦,58,海上保安庁第四管区海上保安本部長,海上保安庁,2024-04-01,2024-07-01,ENEOS株式会社,石油製品の精製・販売等,環境安全部安全衛生グループ顧問,無,無
1171,落合　清,55,国土交通省物流・自動車局安全政策課保障事業室長,国土交通省,2024-04-01,2024-06-01,一般財団法人自動車検査登録情報協会,自動車検査登録情報に関する事業,総務部審議役,無,無
1172,落合　清,55,国土交通省物流・自動車局安全政策課保障事業室長,国土交通省,2024-04-01,2024-06-20,一般財団法人自動車検査登録情報協会,自動車検査登録情報に関する事業,専務理事,無,無
1173,小野田　貴裕,60,東京航空局東京空港事務所システム運用管理官,国土交通省,2024-04-01,2024-05-06,株式会社教育測定研究所,OC事業（テストの管理・運用・採点等に関するオペレーション事業）,採点業務アルバイト,無,無
1174,小野田　貴裕,60,東京航空局東京空港事務所システム運用管理官,国土交通省,2024-04-01,2024-05-07,株式会社内田洋行,公共関連事業、オフィス関連事業、情報関連事業,教育総合研究所採点業務アルバイト,無,無
1175,小野田　貴裕,60,東京航空局東京空港事務所システム運用管理官,国土交通省,2024-04-01,2024-07-01,一般財団法人航空保安施設信頼性センター,航空保安施設の保守点検、信頼性向上に関する調査研究等,保全管理部保全管理第二課長,無,無
1176,尾林　信二,59,関東運輸局神奈川運輸支局長,国土交通省,2024-04-01,2024-07-01,株式会社リクサン,写真撮影業、損害保険代理店、不動産の賃貸及び管理運営業、アウトソーシング事業の受託業、利用運送事業、ETCセットアップ業、諸物品の販売業、各種講習会の運営業、制服の販売業、生命保険募集業、古物の売買業、自動車等の登録等に係る代行業等,埼玉営業所アルバイト,無,無
1177,尾林　信二,59,関東運輸局神奈川運輸支局長,国土交通省,2024-04-01,2024-08-15,行政書士法人登録サポート,行政書士業,大宮事務所社員,無,無
1178,筧　豊勝,60,中部地方整備局総務部総括調整官,総務省,2024-04-01,2024-07-01,一般社団法人建設コンサルタンツ協会,建設コンサルタントの資質と技術力の向上に関する調査・研究等,中部支部事務局長,無,無
1179,笠原　由之,60,国土交通省鉄道局付,国土交通省,2024-04-01,2024-06-28,成田高速鉄道アクセス株式会社,鉄道事業,取締役 兼 施設保全担当・施設保全部長,無,無
1180,勝亦　政幸,59,関東運輸局付,国土交通省,2024-04-01,2024-07-16,一般社団法人神奈川県自動車会議所,自動車登録番号標の交付代行等,事務局長,無,無
1181,門脇　利広,60,国土地理院応用地理部長,国土交通省,2024-04-01,2024-07-01,アジア航測株式会社,航空測量業等,事業推進本部空間情報技術センター技師長,無,無
1182,金澤　文彦,58,国土技術政策総合研究所付,国土交通省,2024-04-01,2024-07-22,一般財団法人ITSサービス高度化機構,ETC及びETC2.0の情報セキュリティに関する環境の提供と運用、調査・研究,参与,無,無
1183,金子　純蔵,60,国土交通省海事局付,国土交通省,2024-04-01,2024-06-04,一般社団法人日本マリン事業協会,舟艇等の製造・販売等の振興、マリンレジャーの普及等,専務理事,無,無
1184,亀岡　知弘,59,四国地方整備局高松港湾・空港整備事務所長,国土交通省,2024-04-01,2024-07-01,一般財団法人港湾空港総合技術センター,港湾、空港等の建設技術調査研究、事業実施の支援等,四国支部副支部長,無,無
1185,河上　誠,60,北海道開発局旭川開発建設部次長,国土交通省,2024-04-01,2024-07-01,一般財団法人北海道道路管理技術センター,道路管理に関する総合的な調査、研究及び技術開発,参与,無,無
1186,河津　隆幸,60,九州運輸局交通政策部長,国土交通省,2024-04-01,2024-07-01,一般社団法人福岡県バス協会,バス事業の適正な運営及び健全な発展に資する業務,事務局次長,無,無
1187,河津　隆幸,60,九州運輸局交通政策部長,国土交通省,2024-04-01,2024-07-01,九州バス協会,バス事業の適正な運営及び健全な発展に資する業務,事務局次長,無,無
1188,木曽　幸一,60,東北地方整備局広報広聴対策官,国土交通省,2024-04-01,2024-07-01,株式会社森本組,建設業,東北支店営業部顧問,無,無
1189,木次　豊志,60,国土交通省大臣官房総務課総務調整官,総務省,2024-04-01,2024-06-01,一般社団法人日本舶用機関整備協会,舶用機関整備業の経営基盤の強化等,総務部長,無,無
1190,木次　豊志,60,国土交通省大臣官房総務課総務調整官,総務省,2024-04-01,2024-09-01,社会福祉法人小海町社会福祉協議会,移動販売車での販売及び障害者支援等,会計年度職員,無,無
1191,木村　祐二,59,北陸地方整備局道路部道路情報管理官（北陸地方整備局長岡国道事務所長）,国土交通省,2024-04-01,2024-07-01,大成ロテック株式会社,建設業,北信越支社理事・技術部長,無,無
1192,草薙　忍,57,北海道開発局網走開発建設部長,国土交通省,2024-04-01,2024-07-01,一般社団法人北海道土地改良設計技術協会,寒冷地の農業農村整備事業の調査・研究開発等,技術顧問,無,無
1193,草薙　忍,57,北海道開発局網走開発建設部長,国土交通省,2024-04-01,2024-09-25,一般社団法人北海道土地改良設計技術協会,寒冷地の農業農村整備事業の調査・研究開発等,常務理事,無,無
1194,草野　高史,60,国土交通省大臣官房会計課監査室長,国土交通省,2024-04-01,2024-07-01,一般社団法人日本民営鉄道協会,鉄道事業の安全・安定輸送向上推進,総務広報部次長,無,無
1195,栗原　和彦,60,関東地方整備局相武国道事務所長,国土交通省,2024-04-01,2024-07-01,一般財団法人橋梁調査会,橋梁の技術に関する調査研究等,調査部次長 兼 関東支部長代理,無,無
1196,黒木　賢二郎,60,四国地方整備局香川河川国道事務所長,国土交通省,2024-04-01,2024-07-01,株式会社オリエンタルコンサルタンツ,建設コンサルタント業務,四国支社理事,無,無
1197,桑　昌司,60,中部地方整備局統括防災官,国土交通省,2024-04-01,2024-07-16,大日本ダイヤコンサルタント株式会社,建設コンサルタント業,中部支社技師長,無,無
1198,小池　敏宏,60,国土交通省大臣官房付,国土交通省,2024-04-01,2024-07-01,一般財団法人航空保安事業センター,航空保安検査に関する事業,専務理事,無,無
1199,古賀　重徳,53,関東運輸局茨城運輸支局長,国土交通省,2024-04-01,2024-07-01,一般社団法人茨城県バス協会,バス事業の適正な運営及び健全な発展に資する業務,事務局長,無,無
1200,古賀　重徳,53,関東運輸局茨城運輸支局長,国土交通省,2024-04-01,2024-09-19,一般社団法人茨城県バス協会,バス事業の適正な運営及び健全な発展に資する業務,専務理事,無,無
1201,小杉　宜史,60,東北地方整備局八戸港湾・空港整備事務所長,国土交通省,2024-04-01,2024-06-24,一般財団法人港湾空港総合技術センター,港湾、空港等の建設技術調査研究、事業実施の支援等,東北支部副支部長,無,無
1202,小林　達徳,60,関東地方整備局統括防災官,国土交通省,2024-04-01,2024-07-01,一般財団法人日本みち研究所,道路事業に関する調査研究、成果の普及,常任参与 兼 調査部長,無,無
1203,駒井　繁利,60,神戸航空交通管制部長,国土交通省,2024-04-01,2024-07-01,一般財団法人航空保安研究センター,航空交通の安全性・効率性等に関する調査研究,調査研究部長,無,無
1204,駒井　繁利,60,神戸航空交通管制部長,国土交通省,2024-04-01,2025-03-25,一般財団法人航空保安研究センター,航空交通の安全性・効率性等に関する調査研究,理事（調査研究部長兼務）,無,無
1205,小松　和則,57,関東運輸局自動車監査指導部長,国土交通省,2024-04-01,2024-06-21,公益財団法人東京タクシーセンター,タクシー事業の適正化及び利用者利便の向上,専務理事,無,無
1206,小室　幹生,59,関東地方整備局広報広聴対策官,国土交通省,2024-04-01,2024-07-01,一般財団法人河川ポンプ施設技術協会,河川ポンプ等の内水排除施設に関する建設技術及び管理技術の調査研究及び開発,総務部次長,無,無
1207,小森　成人,58,近畿運輸局和歌山運輸支局長,国土交通省,2024-04-01,2024-06-01,一般社団法人大阪バス協会,バス事業の適正な運営及び健全な発展に資する業務,事務局長,無,無
1208,小森　成人,58,近畿運輸局和歌山運輸支局長,国土交通省,2024-04-01,2024-06-11,一般社団法人大阪バス協会,バス事業の適正な運営及び健全な発展に資する業務,常務理事,無,無
1209,昆　一彦,60,北陸信越運輸局新潟運輸支局長,国土交通省,2024-04-01,2024-05-01,新潟地方交通共済協同組合,事業用トラックの自動車保険業務（共済保険）,事務局長,無,無
1210,斉藤　敦志,60,北海道開発局小樽開発建設部次長,国土交通省,2024-04-01,2024-07-01,一般財団法人港湾空港総合技術センター,港湾、空港等の建設技術調査研究、事業実施の支援等,北海道支部副支部長,無,無
1211,斎藤　英明,57,国土交通省海事局付,国土交通省,2024-04-01,2024-06-20,一般財団法人日本海事協会,船級関連業務等,会長付参与,無,無
1212,斎藤　英明,57,国土交通省海事局付,国土交通省,2024-04-01,2024-07-01,一般社団法人日本造船工業会,造船業振興関連業務等,審議役,無,無
1213,齊藤　仁伸,60,東北運輸局鉄道部長,国土交通省,2024-04-01,2024-07-16,一般社団法人宮城県自動車整備振興会,自動車整備事業の適正な運営と健全な発展に関する業務,役員室室長,無,無
1214,佐々木　敏行,60,東京航空局次長,国土交通省,2024-04-01,2024-07-01,北海道エアポート株式会社,北海道内7空港の運営業務、管理委託業務等,空港事業本部空港部担当部長,無,無
1215,佐藤　博昭,60,東北運輸局自動車技術安全部長,国土交通省,2024-04-01,2024-07-01,一般社団法人宮城県自動車販売店協会,自動車の普及促進、自動車販売店の地位向上及び発展に関する業務,常務理事,無,無
1216,鴫原　茂,60,国土交通省港湾局付,国土交通省,2024-04-01,2024-07-01,株式会社クローバーエンジニアリング,建設コンサルタント、一般労働者派遣事業,顧問,無,無
1217,島谷　邦博,59,海上保安庁第十一管区海上保安本部長,海上保安庁,2024-04-01,2024-07-01,株式会社JERA,電力供給事業等,調達統括部上席推進役 兼 O&M・エンジニアリング運営統括部（管理監督者）,無,無
1218,関　宏治,58,国土交通省港湾局付,国土交通省,2024-04-01,2024-07-01,一般財団法人港湾空港総合技術センター,港湾、空港等の建設技術調査研究、事業実施の支援等,建設マネジメント研究所上席研究員,無,無
1219,祖父江　公昭,60,東京航空局新千歳空港事務所総務部長,総務省,2024-04-01,2024-07-01,一般財団法人空港振興・環境整備支援機構,空港周辺の環境対策及び駐車場運営事業,高知事務所長,無,有
1220,高木　繁,60,中国地方整備局中国技術事務所長,国土交通省,2024-04-01,2024-07-01,一般社団法人中国建設弘済会,災害の防止や国土の利用・整備・保全を目的とする広報・調査・助成事業,企画本部副本部長,無,無
1221,髙桑　昌明,57,国土交通省北海道局付,国土交通省,2024-04-01,2024-07-03,株式会社東海リライアンス,オフィスビルの総合管理,一般職,無,有※
1222,髙桑　昌明,57,国土交通省北海道局付,国土交通省,2024-04-01,2024-10-01,株式会社ビケンテクノ,オフィスビル等の総合管理,東京本部一般職員,無,無
1223,髙﨑　勝行,60,四国地方整備局総務部総括調整官,総務省,2024-04-01,2024-07-01,株式会社建設マネジメント四国,建設コンサルタント業務、補償コンサルタント業務,徳島営業所副所長,無,無
1224,高野　雄太,56,国土交通省大臣官房付,国土交通省,2024-04-01,2024-07-01,一般財団法人全国建設研修センター,建設技術等に関する研修、講習及び試験等,事務局総務部長,無,無
1225,髙橋　一浩,58,北海道開発局留萌開発建設部長,国土交通省,2024-04-01,2024-07-01,一般財団法人北海道河川財団,北海道の河川に関する調査研究及び技術開発,常任参与,無,無
1226,高橋　秀典,60,東北地方整備局東北技術事務所長,国土交通省,2024-04-01,2024-07-01,ケミカルグラウト株式会社,建設業,東北支店技師長,無,無
1227,髙橋　慶久,60,北海道開発局建設部河川工事課長,国土交通省,2024-04-01,2024-07-01,一般財団法人石狩川振興財団,石狩川等の河川流域及び治水事業に係る情報の整備提供,参事,無,無
1228,高美　之治,59,中国運輸局海事振興部長,国土交通省,2024-04-01,2025-01-06,自営,被災地での震災復興支援業務公費解体に係る申請受付、関係書類審査等,-,無,無
1229,髙森　治,60,関東地方整備局企画部技術開発調整官（沖縄総合事務局南部国道事務所長）,国土交通省,2024-04-01,2024-07-01,一般財団法人先端建設技術センター,建設事業に係る先端的な技術に関する調査研究、開発及び普及,技術調査部次長,無,無
1230,竹内　充,60,中部地方整備局用地部長,国土交通省,2024-04-01,2024-07-01,公益財団法人自転車駐車場整備センター,自転車駐車場建設・管理に係る業務,名古屋事務所次長,無,無
1231,竹田　正彦,57,国土交通省大臣官房付,国土交通省,2024-04-01,2024-07-01,一般財団法人建設物価調査会,建設工事に関する工事費及び資材価格、労務費の実態調査と調査成果の提供,常任参与,無,無
1232,武森　範之,60,東京航空局成田空港事務所総務部長,総務省,2024-04-01,2024-07-01,一般財団法人空港振興・環境整備支援機構,空港周辺の環境対策及び駐車場運営事業,駐車場事業部部長代理,無,有
1233,忠政　和則,60,中国運輸局自動車技術安全部長,国土交通省,2024-04-01,2024-05-01,一般社団法人島根県自動車整備振興会,自動車整備事業の適正な運営と健全な発展に関する業務,嘱託職員,無,無
1234,忠政　和則,60,中国運輸局自動車技術安全部長,国土交通省,2024-04-01,2024-06-15,一般社団法人島根県自動車整備振興会,自動車整備事業の適正な運営と健全な発展に関する業務,専務理事,無,無
1235,忠政　和則,60,中国運輸局自動車技術安全部長,国土交通省,2024-04-01,2024-06-15,島根県自動車整備商工組合,自動車整備事業の中小企業者の改善発達を図るための必要な事業,専務理事,無,無
1236,竪山　孝治,59,東京航空局新千歳空港事務所管制保安部長,国土交通省,2024-04-01,2024-07-01,株式会社サンネクト,情報通信に関する設備の設計・施工・保守、航空気象観測通報及び空港運用業務,常務取締役,無,無
1237,田中　秀一,59,中部運輸局岐阜運輸支局長,国土交通省,2024-04-01,2024-07-16,一般社団法人三重県自動車整備振興会,自動車整備事業の適正な運営と健全な発展に関する業務,総務部長,無,無
1238,田中　秀一,59,中部運輸局岐阜運輸支局長,国土交通省,2024-04-01,2024-07-16,三重県自動車整備商工組合,自動車整備事業の中小企業者の改善発達を図るための必要な事業,総務部長,無,無
1239,田中　独歩,60,国土交通省海事局付,国土交通省,2024-04-01,2024-06-12,一般社団法人日本舶用機関整備協会,舶用機関整備業の経営基盤の強化、舶用機関整備技術の向上等,専務理事,無,無
1240,田中　信行,60,国土交通省海事局付,国土交通省,2024-04-01,2024-06-06,一般社団法人日本造船協力事業者団体連合会,造船協力業の発展及び造船業の生産性の向上を図る,常務理事,無,無
1241,谷内　寿,60,国土交通省航空局安全部安全政策課外国航空機安全対策官,国土交通省,2024-04-01,2024-07-01,成田国際空港株式会社,成田国際空港の設置及び管理,嘱託（空港運用部門総合安全推進部オペレーションセンター 兼 部付参与）,無,無
1242,千木良　敦之,59,国土交通省大臣官房付,国土交通省,2024-04-01,2024-06-01,一般財団法人道路管理センター,道路管理システムの運用、高度化等,企画業務部長,無,無
1243,恒光　友義,60,大阪航空局中部空港事務所長,国土交通省,2024-04-01,2024-07-01,株式会社レイメイ,調査・研究・コンサルティング業務,管制・飛行方式設計部航空管制担当部長,無,無
1244,椿　勇三,59,中国地方整備局総務部総括調整官,総務省,2024-04-01,2024-07-01,一般社団法人中国建設弘済会,災害の防止や国土の利用・整備・保全を目的とする広報・調査・助成事業,管理本部長,無,無
1245,富田　宏行,59,国土交通省海事局船員政策課雇用対策室長,国土交通省,2024-04-01,2024-07-01,一般財団法人海技振興センター,水先人養成確保の支援、船舶運航等の調査研究等,総務・振興部長,無,無
1246,内木　義昭,60,北海道運輸局自動車技術安全部長,国土交通省,2024-04-01,2024-06-01,一般社団法人札幌地方自動車整備振興会,自動車整備事業の適正な運営と健全な発展に関する業務,事務局長,無,無
1247,中静　友則,55,国土交通省水管理・国土保全局水政課水利調整室長,国土交通省,2024-04-01,2024-07-01,一般財団法人河川情報センター,河川・流域情報の収集・加工・発信、河川・流域情報に関する調査・研究,首席参与 兼 総務部長,無,無
1248,永島　和弘,60,関東運輸局総務部長,総務省,2024-04-01,2024-06-07,一般社団法人神奈川県トラック協会,貨物自動車運送事業に関する指導、調査及び研究,専務理事,無,無
1249,中島　譲治,60,東京航空交通管制部次長,国土交通省,2024-04-01,2024-07-01,三菱電機株式会社,重電システム・産業メカトロニクス・情報通信システム等の製造・販売業,常勤嘱託ITソリューションシステム第二部技術顧問,無,無
1250,長瀬　昌宏,57,国土交通省大臣官房付,国土交通省,2024-04-01,2024-06-01,一般財団法人日本建設情報総合センター,建設事業の円滑な執行に資する情報システムの調査研究、開発・改良及び運用・保守等,総務部長,無,無
1251,中田　修一,57,国土交通省大臣官房付,国土交通省,2024-04-01,2024-07-01,一般社団法人建設技能人材機構,建設分野における特定技能外国人等の受け入れ事業等,管理部長,無,無
1252,永田　眞一,60,国土交通省航空局交通管制部運用課飛行検査センター所長,国土交通省,2024-04-01,2024-07-01,スカイマーク株式会社,空運業,嘱託社員（品質保証部業務監理課）,無,無
1253,中塚　勝弘,60,中部運輸局海事振興部長,国土交通省,2024-04-01,2024-06-03,名古屋港運協会,港湾運送事業に関する調査研究等,常務理事,無,無
1254,中野　英樹,57,国土交通省大臣官房付,国土交通省,2024-04-01,2024-07-01,一般財団法人道路管理センター,道路占用管理システムの開発、運用,企画業務部次長,無,無
1255,中村　卓司,59,国土交通省海事局安全技術調査官,国土交通省,2024-04-01,2024-06-01,一般社団法人日本舶用工業会,舶用工業の進歩発達等のための事業,業務部長,無,無
1256,成宮　文彦,59,近畿地方整備局統括防災官,国土交通省,2024-04-01,2024-07-01,公益財団法人河川財団,河川に関する活動（調査研究・啓発活動等）に対する助成と普及事業、河川に関する調査・研究とその成果の普及事業等,近畿事務所次長,無,無
1257,西　博之,59,中国地方整備局統括防災官,国土交通省,2024-04-01,2024-07-01,株式会社東京建設コンサルタント,建設コンサルタント業,中国支社技師長,無,無
1258,羽山　登志哉,59,海上保安庁第三管区海上保安本部長,海上保安庁,2024-04-01,2024-07-01,ヤンマーパワーテクノロジー株式会社,エンジンの開発、製造、販売、サービス,特機事業部専任部長,無,無
1259,原澤　正則,58,国土交通省鉄道局付,国土交通省,2024-04-01,2024-07-01,一般社団法人日本民営鉄道協会,鉄道事業の安全・安定輸送向上推進,総務広報部部長,無,無
1260,日色　徳彦,60,北海道開発局函館開発建設部次長,国土交通省,2024-04-01,2024-07-01,一般社団法人寒地港湾空港技術研究センター,寒冷地における港湾・空港に関する調査研究,第2調査研究部長,無,無
1261,樋口　博,60,九州運輸局海事振興部長,国土交通省,2024-04-01,2024-05-20,九州地方海運組合連合会,内航海運業の経済的地位の改善及び内航海運事業の安定化に資する事業,専務理事,無,無
1262,久内　伸夫,59,近畿地方整備局広報広聴対策官,国土交通省,2024-04-01,2024-07-01,一般財団法人日本建設情報総合センター,建設事業の円滑な執行に資する情報システムの調査研究、開発・改良及び運用・保守等,近畿地方センター長,無,有※
1263,平岡　弘志,60,東北地方整備局能代河川国道事務所長,国土交通省,2024-04-01,2024-07-01,一般社団法人東北地域づくり協会,公益事業等,道路技術部長,無,無
1264,平田　哲人,56,国土交通省大臣官房付,国土交通省,2024-04-01,2024-10-01,日本電設工業株式会社,電気工事業,顧問,無,無
1265,平山　孝治,60,国土交通省大臣官房福利厚生課長,国土交通省,2024-04-01,2024-06-05,一般財団法人運輸振興協会,運輸に係る知識の啓蒙、広報、周知活動業務,専務理事,無,無
1266,深澤　和晃,57,国土交通省大臣官房付,国土交通省,2024-04-01,2024-06-01,一般社団法人日本補償コンサルタント協会,補償コンサルタント業務従事者の資質向上に向けた指導、同業務の啓発、業務に関する情報提供等を実施,試験事業部長,無,無
1267,福澤　隆志,60,国土交通省大臣官房参事官,国土交通省,2024-04-01,2024-07-01,一般財団法人港湾空港総合技術センター,港湾、空港等の建設技術調査研究、事業実施の支援等,参与,無,無
1268,福島　和則,60,九州運輸局自動車技術安全部長,国土交通省,2024-04-01,2024-04-22,一般社団法人佐賀県自動車整備振興会,自動車整備事業の適正な運営と健全な発展に関する業務,参与,無,無
1269,福島　和則,60,九州運輸局自動車技術安全部長,国土交通省,2024-04-01,2024-06-07,一般社団法人佐賀県自動車整備振興会,自動車整備事業の適正な運営と健全な発展に関する業務,常務理事,無,無
1270,増田　安弘,59,近畿地方整備局近畿技術事務所長,国土交通省,2024-04-01,2024-07-01,一般社団法人近畿建設協会,国土の利用、整備又は保全を目的とする事業、災害防止事業,技術部長,無,無
1271,増元　博智,60,東京航空局東京空港事務所空港安全部長,国土交通省,2024-04-01,2024-07-01,一般財団法人航空保安協会,空港内消防等業務管理・監督,本部調査役,無,無
1272,松平　信治,59,北陸地方整備局新潟国道事務所長,国土交通省,2024-04-01,2024-07-01,一般社団法人北陸地域づくり協会,建設コンサルタント関係業務,企画事業部長,無,無
1273,丸田　智治,60,国土交通省大臣官房官庁営繕部計画課保全情報分析官（国土交通省大臣官房官庁営繕部整備課施設評価室長）,国土交通省,2024-04-01,2024-07-01,一般財団法人建築コスト管理システム研究所,建築の生産コストに関する調査研究,参事,無,無
1274,水口　猛,60,北海道運輸局観光部長,国土交通省,2024-04-01,2024-06-01,北海道エアポート株式会社,空港運営事業,営業開発本部観光開発部担当部長,無,無
1275,水谷　雅裕,57,国土交通省港湾局付,国土交通省,2024-04-01,2024-07-01,株式会社ポルテック,建設コンサルタント業務、人材派遣業務等,参与,無,無
1276,光武　加津美,60,九州地方整備局総務部総括調整官,総務省,2024-04-01,2024-07-01,株式会社九州建設マネジメントセンター,建設コンサルタントに関する事業等,上席参事,無,無
1277,見並　融,60,東京航空局東京空港事務所施設部長,国土交通省,2024-04-01,2024-07-01,パシフィックコンサルタンツ株式会社,建設コンサルタント業,技術顧問,無,無
1278,三根　徹,60,九州運輸局自動車交通部長,国土交通省,2024-04-01,2024-04-26,一般社団法人福岡市タクシー協会,タクシー事業の業務適正化、輸送の安全及び利用者利便の確保,専務理事,無,無
1279,宮島　博和,60,大阪航空局大分空港事務所長,国土交通省,2024-04-01,2024-07-01,株式会社有電社,電気工事、電気通信工事、管工事、機械器具設置工事、工事資材の販売,エンジニアリング本部技術顧問（空港部門）,無,無
1280,宮本　弘治,60,大阪航空局那覇空港事務所施設部長,国土交通省,2024-04-01,2024-07-01,株式会社日本空港コンサルタンツ,建設コンサルタント業,国内業務本部担当部長,無,無
1281,村上　隆幸,59,中部運輸局三重運輸支局長,国土交通省,2024-04-01,2024-07-01,一般社団法人日本港湾福利厚生協会,港湾労働者の福利厚生事業,第一業務部次長 兼 日本港湾福祉センター長,無,無
1282,村上　隆幸,59,中部運輸局三重運輸支局長,国土交通省,2024-04-01,2024-07-01,株式会社シーパレス,ホテル業,取締役,無,無
1283,村上　良明,60,近畿運輸局海事振興部次長,国土交通省,2024-04-01,2024-06-01,株式会社辰巳商会,海運業、港湾運送業、倉庫業等,管理本部本部長付調査役,無,無
1284,村越　慶次,60,北海道開発局建設部建設行政課長,国土交通省,2024-04-01,2024-07-01,一般財団法人北海道河川財団,北海道の河川に関する調査研究及び技術開発,総務部参事,無,無
1285,村田　潔,58,海上保安庁首席監察官,海上保安庁,2024-04-01,2024-07-01,明治安田生命保険相互会社,生命保険業,顧問,無,無
1286,森　毅彦,58,国土交通省大臣官房付,国土交通省,2024-04-01,2024-07-01,公益財団法人不動産流通推進センター,不動産流通市場の整備、不動産業の振興等,常務理事,無,無
1287,森本　英二,60,四国地方整備局統括防災官,国土交通省,2024-04-01,2024-07-01,株式会社ウエスコ,総合建設コンサルタント,執行役員（技術推進本部四国地区統括愛媛事務所駐在）,無,無
1288,森本　励,58,国土交通省大臣官房付,国土交通省,2024-04-01,2024-08-01,株式会社日建技術コンサルタント,建設コンサルタント業,技術顧問,無,無
1289,梁取　利男,60,北陸信越運輸局総務部長,総務省,2024-04-01,2024-05-07,新潟県ハイヤー交通共済協同組合,交通共済事業,専務理事事務取扱,無,無
1290,梁取　利男,60,北陸信越運輸局総務部長,総務省,2024-04-01,2024-06-06,新潟県ハイヤー交通共済協同組合,交通共済事業,専務理事,無,無
1291,山梨　高裕,56,北海道開発局稚内開発建設部長,国土交通省,2024-04-01,2024-07-01,株式会社森川組,建設業,技術顧問,無,無
1292,山根　勇,60,東京航空局東京空港事務所次長,国土交通省,2024-04-01,2024-07-01,一般財団法人港湾空港総合技術センター,港湾、空港等の建設技術調査研究、事業実施の支援等,空港施設高度化戦略室長,無,無
1293,吉永　保博,60,九州地方整備局広報広聴対策官,国土交通省,2024-04-01,2024-07-01,一般社団法人九州地域づくり協会,国土の利用、整備、保全及び災害の防止等に関する事業の円滑な推進,上席参事,無,無
1294,吉本　紀一,56,国土交通省大臣官房付,国土交通省,2024-04-01,2024-07-01,一般社団法人建設電気技術協会,建設事業における電気技術に関する調査研究等,建設電気技術研究所所長,無,無
1295,米川　佳宏,60,国土交通省海事局付,国土交通省,2024-04-01,2024-06-01,株式会社ジャパンエンジンコーポレーション,各種原動機及びその関連付属装置の開発、製造、販売等,技術部門参与,無,無
1296,若林　英樹,60,北海道開発局室蘭開発建設部次長,国土交通省,2024-04-01,2024-07-01,株式会社北開水工コンサルタント,河川事業に関する調査、設計等のコンサルタント,執行役員技師長,無,無
1297,渡部　辰博,60,神戸航空交通管制部総務管理官,総務省,2024-04-01,2024-06-01,一般財団法人航空機安全運航支援センター,飛行場における航空保安業務の支援等の事業,総務課長,無,無
1298,渡辺　浩昭,60,運輸安全委員会事務局参事官,国土交通省,2024-04-01,2024-06-17,公益財団法人海難審判・船舶事故調査協会,海難審判等に関する調査研究事業等,事務局長,無,無
1299,渡邉　浩,60,東京航空局総務部長,総務省,2024-04-01,2024-07-01,一般財団法人航空機安全運航支援センター,飛行場における航空保安業務・飛行場管理業務の支援事業,総務部長,無,無
1300,伊藤　卓郎,58,海上保安庁大阪海上保安監部長,海上保安庁,2024-04-15,2024-07-01,日本海エル・エヌ・ジー株式会社,液化天然ガス事業,港湾保安担当調査役,無,無
1301,小野　有司,59,海上保安庁名古屋海上保安部長,海上保安庁,2024-04-15,2024-08-01,上野マリタイム・ジャパン株式会社,海上警戒・防災、船舶代理店、通関業,顧問,無,無
1302,木下　敏和,59,海上保安庁東京海上保安部長,海上保安庁,2024-04-15,2024-08-01,りんかい日産建設株式会社,総合建設業（土木、建築）等,土木本部顧問 兼 安全環境品質室顧問,無,無
1303,小倉　修一,58,海上保安庁横浜海上保安部長,海上保安庁,2024-04-15,2024-08-01,大成建設株式会社,建設工事全般に関する業務,土木本部土木技術部理事,無,無
1304,谷　清仁,60,海上保安庁伏木海上保安部長,海上保安庁,2024-04-15,2024-06-01,三重県,地方公務,防災対策部災害即応・連携課主幹,無,無
1305,野久保　薫,59,海上保安庁海上保安大学校副校長,海上保安庁,2024-04-15,2024-08-01,日本電気株式会社,電気機器の製造・販売,参与,無,無
1306,安尾　博志,60,海上保安庁神戸海上保安部長,海上保安庁,2024-04-15,2024-07-01,若築建設株式会社,建設業,常任顧問,無,無
1307,鈴木　徹,58,国土交通省港湾局付,国土交通省,2024-05-01,2024-08-01,一般財団法人港湾空港総合技術センター,港湾、空港等の建設技術調査研究、事業実施の支援等,審議役,無,無
1308,上村　昇,56,国土交通省大臣官房付,国土交通省,2024-06-25,2024-10-15,一般財団法人水源地環境センター,水源地の環境に関する調査研究、技術開発、技術指導等,審議役,無,無
1309,伊藤　康行,61,国土交通省都市局公園緑地・景観課長,国土交通省,2024-06-30,2024-10-01,一般社団法人日本造園建設業協会,造園に関する調査研究、広報活動、技術向上事業等,上席調査役,無,無
1310,遠藤　和重,60,国土交通省大臣官房付,国土交通省,2024-06-30,2024-10-01,一般財団法人日本建設情報総合センター,公共事業の工事・業務の実績等の情報提供,コリンズ・テクリスセンター長,無,無
1311,武藤　聡,61,国土交通省大臣官房付,国土交通省,2024-06-30,2024-10-01,一般社団法人関東地域づくり協会,国土づくりに関する事業の円滑な推進を図るもの,参与,無,無
1312,秋月　聡二郎,60,国土交通省大臣官房官庁営繕部長,国土交通省,2024-07-01,2024-10-01,一般財団法人建築コスト管理システム研究所,建築物のコストに関する調査研究,審議役,無,無
1313,上森　康幹,57,国土交通省大臣官房付,国土交通省,2024-07-01,2024-10-01,公益社団法人全国市街地再開発協会,市街地の再開発等に関する情報提供、相談、調査研究,専務理事,無,無
1314,石井　昌平,59,海上保安庁長官,海上保安庁,2024-07-01,2024-12-01,名工建設株式会社,建設業,顧問（非常勤）,無,無
1315,石橋　洋信,57,国土交通省大臣官房技術総括審議官,国土交通省,2024-07-01,2024-11-01,三井住友海上火災保険株式会社,損害保険業,顧問,無,無
1316,石谷　俊史,56,国土交通省大臣官房付,国土交通省,2024-07-01,2024-12-01,株式会社コバック,自動車整備業,顧問,無,無
1317,板屋　英治,58,国土交通省水管理・国土保全局防災課災害分析官（東北地方整備局河川部長）,国土交通省,2024-07-01,2024-09-01,一般財団法人水源地環境センター,ダム水源地等に関する調査、研究,技術参与,無,無
1318,市川　篤志,59,国土交通省大臣官房付,国土交通省,2024-07-01,2024-10-01,三井住友信託銀行株式会社,金融業,顧問,無,無
1319,市川　篤志,59,国土交通省大臣官房付,国土交通省,2024-07-01,2024-11-01,自営,コンサルティング,-,無,無
1320,伊藤　真澄,59,国土交通省海事局付,国土交通省,2024-07-01,2024-09-01,一般財団法人日本海事協会,船舶の検査、登録、認証、研究開発等,企画本部企画部契約社員,無,無
1321,岩月　理浩,56,国土交通省大臣官房付,国土交通省,2024-07-01,2024-11-05,日本郵船株式会社,海運業,アドバイザー,無,無
1322,岩月　理浩,56,国土交通省大臣官房付,国土交通省,2024-07-01,2025-02-01,一般財団法人日本気象協会,気象事業等に関する指導・相談,参与,無,無
1323,植木　暁司,57,国土交通省大臣官房審議官（官庁営繕部担当）,国土交通省,2024-07-01,2024-10-01,一般財団法人建築保全センター,建築物等の保全に関する総合的な調査研究及び技術開発,審議役,無,無
1324,上原　淳,60,国土交通審議官,国土交通省,2024-07-01,2024-11-01,一般財団法人運輸総合研究所,交通運輸及び観光に関する研究調査等,理事長,無,無
1325,浦山　洋一,59,国土交通省大臣官房付,国土交通省,2024-07-01,2024-10-01,一般財団法人河川情報センター,河川・流域情報の収集、処理・加工、解析、保管、提供に関する調査研究及び技術開発,技術参与,無,無
1326,遠藤　仁彦,58,国土交通省北海道局付,国土交通省,2024-07-01,2024-10-01,一般社団法人寒地港湾空港技術研究センター,寒冷地における港湾・空港に関する調査研究,審議役,無,無
1327,遠藤　仁彦,58,国土交通省北海道局付,国土交通省,2024-07-01,2024-10-03,アイディア株式会社,船舶管制システムの開発・運用,専務執行役員,無,無
1328,遠藤　仁彦,58,国土交通省北海道局付,国土交通省,2024-07-01,2025-02-19,一般社団法人寒地港湾空港技術研究センター,寒地港湾空港技術及び港湾・空港の利活用に関する調査研究等,専務理事,無,無
1329,大釜　達夫,59,国土交通省港湾局付,国土交通省,2024-07-01,2024-10-01,株式会社横河NSエンジニアリング,鋼構造物の設計、製作、施工、保全、工事監理等,技術顧問,無,無
1330,岡村　次郎,58,国土交通省大臣官房付,国土交通省,2024-07-01,2024-12-01,一般財団法人日本建設情報総合センター,建設事業の円滑な執行に資する情報システムの調査研究等,顧問,無,無
1331,小野田　吉純,59,国土交通省大臣官房付,国土交通省,2024-07-01,2024-10-01,公益社団法人日本建築士会連合会,建築士の社会的地位の向上、業務の進歩改善に関する事業,参与,無,無
1332,小野寺　誠一,58,国土交通省大臣官房海外プロジェクト審議官,国土交通省,2024-07-01,2024-10-01,一般財団法人国土技術研究センター,社会資本整備や建設技術等に関する調査研究,研究総括監,無,無
1333,小野寺　誠一,58,国土交通省大臣官房海外プロジェクト審議官,国土交通省,2024-07-01,2025-03-26,一般財団法人国土技術研究センター,社会資本整備や建設技術等に関する調査研究,業務執行理事,無,無
1334,海谷　厚志,57,国土交通省海事局長,国土交通省,2024-07-01,2024-12-16,京浜急行電鉄株式会社,鉄道事業,嘱託社員,無,無
1335,勝山　潔,57,国土交通省大臣官房付,国土交通省,2024-07-01,2024-10-25,一般社団法人日本民営鉄道協会,鉄道事業の安全・安定輸送向上推進,常務理事,無,無
1336,川口　泉,58,国土交通省鉄道局付,国土交通省,2024-07-01,2024-10-25,一般社団法人日本民営鉄道協会,鉄道事業の安全・安定輸送向上推進,審議役,無,無
1337,川口　泉,58,国土交通省鉄道局付,国土交通省,2024-07-01,2024-12-01,一般社団法人日本民営鉄道協会,鉄道事業の安全・安定輸送向上推進,常務理事,無,無
1338,河南　正幸,57,国土交通省大臣官房付,国土交通省,2024-07-01,2024-10-01,一般財団法人橋梁調査会,橋梁の性能評価、審査、検査に関する調査･研究･開発等,審議役 兼 企画部長,無,無
1339,菊池　雅彦,59,国土交通省大臣官房技術審議官,国土交通省,2024-07-01,2024-10-01,国立大学法人東京大学,教育・研究,東京大学大学院工学系研究科社会基盤学専攻特任研究員,無,無
1340,柊平　健,59,国土交通省大臣官房付,国土交通省,2024-07-01,2024-10-01,一般財団法人建築コスト管理システム研究所,建築コスト、積算、システム化等に関する調査研究,審議役,無,無
1341,久米　英輝,59,国土交通省港湾局付,国土交通省,2024-07-01,2024-10-01,特定非営利活動法人海上GPS利用推進機構,GPS等の衛星を利用した位置測定技術に関する普及促進等,顧問,無,無
1342,小林　靖,59,国土交通省大臣官房付,国土交通省,2024-07-01,2024-11-01,東京ガスネットワーク株式会社,ガス導管による都市ガスの供給等,顧問,無,無
1343,榊　真一,59,国土交通審議官,国土交通省,2024-07-01,2024-10-01,損害保険ジャパン株式会社,保険業,顧問,無,無
1344,佐々木　隆,59,国土交通省大臣官房付,国土交通省,2024-07-01,2024-10-01,一般財団法人ダム技術センター,ダム事業に関わる調査研究及び技術協力等,審議役,無,無
1345,佐々木　淑充,57,国土交通省大臣官房付,国土交通省,2024-07-01,2024-10-01,一般財団法人日本ダム協会,ダム、堰等に関する調査研究、啓蒙等,審議役,無,無
1346,佐々木　淑充,57,国土交通省大臣官房付,国土交通省,2024-07-01,2024-11-07,一般財団法人日本ダム協会,ダム、堰等に関する調査研究、啓蒙等,専務理事,無,無
1347,前佛　和秀,57,国土交通省大臣官房付,国土交通省,2024-07-01,2024-12-01,一般財団法人道路交通情報通信システムセンター,道路交通情報の収集、処理及びドライバーへの提供,専務理事,無,無
1348,髙桒　圭一,55,国土交通省大臣官房付,国土交通省,2024-07-01,2024-11-18,一般社団法人全国自治体ライドシェア連絡協議会,地域公共交通の活性化に関する自治体及び交通事業者に対する助言支援等,理事,無,無
1349,髙桒　圭一,55,国土交通省大臣官房付,国土交通省,2024-07-01,2025-02-01,株式会社オリエンタルランド,テーマパークの運営等,クルーズ事業準備室理事,無,無
1350,髙橋　一郎,59,観光庁長官,観光庁,2024-07-01,2024-12-01,日本空港ビルデング株式会社,羽田空港ターミナルビルの管理運営,常勤顧問,無,無
1351,筒井　智紀,57,国土交通省大臣官房審議官（国土政策局担当）,国土交通省,2024-07-01,2024-10-01,公益財団法人マンション管理センター,マンション管理の適正化の推進,統括役,無,無
1352,寺本　耕一,56,国土交通省大臣官房付,国土交通省,2024-07-01,2024-10-01,一般財団法人道路開発振興センター,道路事業分野における調査及び道路開発に資する長期資金の供給事業等,常任参与,無,無
1353,寺本　耕一,56,国土交通省大臣官房付,国土交通省,2024-07-01,2024-11-01,一般財団法人道路開発振興センター,道路事業分野における調査及び道路開発に資する長期資金の供給事業等,常務理事,無,無
1354,寺本　耕一,56,国土交通省大臣官房付,国土交通省,2024-07-01,2024-07-02,自営業,不動産賃貸業,-,無,無
1355,中谷　育夫,57,国土交通省大臣官房運輸安全監理官,国土交通省,2024-07-01,2024-10-01,株式会社アクテス,IT関連業,特別参与,無,無
1356,中野　穣治,57,国土交通省大臣官房審議官（防災・リスクコミュニケーション担当）,国土交通省,2024-07-01,2024-11-01,株式会社建設技術研究所,建設コンサルタント事業,技術本部顧問,無,無
1357,中村　健一,58,国土交通省大臣官房付,国土交通省,2024-07-01,2024-10-01,日本工営都市空間株式会社,建設コンサルタント等,都市開発コンサルタント事業本部顧問,無,無
1358,成田　秋義,59,国土交通省大臣官房付,国土交通省,2024-07-01,2024-10-01,株式会社パスク,建設コンサルタント,総括参与,無,無
1359,橋本　幸,59,国土交通省北海道局長,国土交通省,2024-07-01,2024-12-01,一般社団法人北海道開発技術センター,北海道等積雪寒冷地の諸課題に関する調査・研究等業務,顧問,無,無
1360,橋本　昌典,55,国土交通省大臣官房付,国土交通省,2024-07-01,2025-01-01,日本生命保険相互会社,保険業,顧問,無,無
1361,東出　成記,59,国土交通省大臣官房付,国土交通省,2024-07-01,2024-10-16,国際航業株式会社,建設コンサルタント業等,顧問（事業統括本部事業推進部技師長室技師長）,無,無
1362,益田　浩,56,国土交通省大臣官房付,国土交通省,2024-07-01,2024-12-16,京王電鉄株式会社,鉄道事業ほか,嘱託社員,無,無
1363,松木　洋忠,57,国土交通省大臣官房付,国土交通省,2024-07-01,2024-09-01,松木技術士事務所,土木コンサルタント,所長,無,無
1364,宮坂　祐介,56,国土交通省大臣官房付,国土交通省,2024-07-01,2024-11-21,在バルバドス日本国大使館,国家公務,特命全権大使,無,無
1365,宮武　一郎,59,国土交通省大臣官房付,国土交通省,2024-07-01,2024-10-01,一般社団法人河川ポンプ施設技術協会,河川ポンプ施設に関する調査研究、開発、普及,企画部長,無,無
1366,村瀬　勝彦,56,国土交通省総合政策局海外プロジェクト推進課国際建設管理官,国土交通省,2024-07-01,2024-09-01,一般財団法人ダム技術センター,ダム技術に関する調査研究等,ダム技術研究所首席研究員,無,無
1367,村田　有,57,国土交通省大臣官房付,国土交通省,2024-07-01,2024-11-01,株式会社KSP,警備業,顧問,無,無
1368,森戸　義貴,57,国土交通省大臣官房付,国土交通省,2024-07-01,2024-12-01,一般社団法人日本道路建設業協会,道路建設技術の向上、研究開発等,常勤顧問専務理事代行,無,無
1369,山口　浩孝,58,国土交通省大臣官房付,国土交通省,2024-07-01,2024-12-01,小田急電鉄株式会社,運輸業,交通企画部顧問,無,無
1370,山口　浩則,60,大阪航空局次長,国土交通省,2024-07-01,2024-12-01,株式会社にしけい,警備業,空港保安事業本部顧問,無,無
1371,四日市　正俊,57,国土交通省大臣官房付,国土交通省,2024-07-01,2024-10-01,首都高速道路サービス株式会社,駐車場事業、休憩所事業、不動産事業等,常務取締役,無,無
1372,米津　仁司,59,北海道開発局建設部長,国土交通省,2024-07-01,2024-10-01,三共産業株式会社,不動産売買管理業務,技術顧問,無,無
1373,頼　あゆみ,59,国土交通省大臣官房付,国土交通省,2024-07-01,2024-10-10,西日本建設業保証株式会社,公共工事前払金保証等,理事（経営企画・総務・監査担当）,無,無
1374,和田　信貴,60,国土交通事務次官,国土交通省,2024-07-01,2024-10-01,東京海上日動火災保険株式会社,損害保険事業,顧問,無,無
1375,渡邉　保範,59,海上保安庁海上保安監,海上保安庁,2024-07-01,2024-10-01,三菱重工業株式会社,船舶、交通システム、製鉄機械等の製品開発・販売,顧問,無,無
1376,脇山　芳和,58,国土交通省大臣官房付,国土交通省,2024-07-05,2024-10-07,一般社団法人日本建築士事務所協会連合会,建築士事務所業務に関する指導、勧告及び業務サポート,参与,無,無
1377,大木　章一,61,国土地理院長,国土交通省,2024-07-06,2024-11-01,一般社団法人日本デジタル道路地図協会,道路網及び道路地図に関する数値情報の調査研究等,専務理事,無,無
1378,中込　淳,58,国土交通省水管理・国土保全局水資源部長,国土交通省,2024-07-11,2024-10-01,一般財団法人水源地環境センター,水源地域の環境に関する調査研究及び技術開発等,審議役,無,無
1379,蒲原　潤一,56,国土交通省水管理・国土保全局砂防部保全課長,国土交通省,2024-07-12,2024-10-15,一般財団法人砂防フロンティア整備推進機構,砂防事業等に関する調査、研究,上席研究員,無,無
1380,武井　佐代里,55,国土交通省大臣官房付,国土交通省,2024-07-15,2025-01-01,株式会社電通ライブ,イベントの企画・運営,取締役（非常勤）,無,無
1381,池下　一文,58,北海道開発局開発監理部長,国土交通省,2024-07-16,2024-11-01,一般財団法人北海道開発協会,北海道開発に関する調査研究、広報活動等,参与,無,無
1382,池下　一文,58,北海道開発局開発監理部長,国土交通省,2024-07-16,2025-01-01,一般財団法人北海道開発協会,北海道開発に関する調査研究、広報活動等,理事長,無,無
1383,井上　伸夫,58,国土交通省大臣官房審議官（総合政策担当）,国土交通省,2024-07-16,2024-11-01,日鉄興和不動産株式会社,不動産業,顧問,無,無
1384,井上　伸夫,58,国土交通省大臣官房審議官（総合政策担当）,国土交通省,2024-07-16,2024-11-01,興和不動産投資顧問株式会社,不動産投資顧問業,監査役,無,無
1385,島田　久嗣,59,国土地理院地理空間情報部企画調査課長,国土交通省,2024-09-30,2025-01-01,一般社団法人日本デジタル道路地図協会,道路網及び道路地図に関するデジタルデータの整備・更新及び調査研究等,調査役,無,無
1386,吉田　孝志,45,運輸安全委員会事務局鉄道事故調査官,国土交通省,2024-09-30,2024-10-01,東京地下鉄株式会社,旅客鉄道事業,鉄道本部運転部運転課主任,無,無
1387,井上　慶司,58,国土交通省港湾局付,国土交通省,2024-10-01,2025-01-01,日本工営株式会社,建設コンサルタント業,交通運輸事業本部シニアエンジニア,無,無
1388,小野　正博,59,国土交通省港湾局付,国土交通省,2024-10-01,2025-01-01,JFEエンジニアリング株式会社,エンジニアリング事業,社会インフラ本部顧問,無,無
1389,勝又　正秀,57,国土交通省大臣官房審議官（都市生活環境・国際園芸博覧会担当）,国土交通省,2024-10-01,2025-02-01,日本生命保険相互会社,生命保険事業,顧問,無,無
1390,角湯　克典,57,国土交通省大臣官房付,国土交通省,2024-10-01,2025-02-01,東日本旅客鉄道株式会社,鉄道事業,非常勤嘱託（技術顧問）,無,無
1391,黒川　剛,57,国土交通省大臣官房付,国土交通省,2024-10-01,2025-01-14,株式会社不動産流通研究所,不動産関連書籍の編集・出版等,取締役所長,無,無
1392,塚田　哲也,55,国土交通省道路局路政課道路利用調整室長,国土交通省,2024-10-01,2025-01-06,一般財団法人ITSサービス高度化機構,有料道路自動料金収受システムのセキュリティを確保するための業務等,総務部上席調査役,無,無
1393,永井　一浩,60,国土交通省港湾局付,国土交通省,2024-10-01,2025-01-01,公益社団法人日本港湾協会,港湾に関する調査研究及び知識の普及等,審議役,無,無
1394,古堅　厚弘,60,大阪航空局那覇空港事務所長,国土交通省,2024-10-01,2025-01-01,日本電気株式会社,製造業,エアロスペース営業統括部参与,無,無
1395,松原　悟,60,東京航空交通管制部長,国土交通省,2024-10-01,2025-01-01,一般財団法人航空保安研究センター,航空交通の安全性・効率性等に関する調査研究,担当部長,無,無
1396,渡辺　一寿,61,北海道開発局開発監理部人事課開発専門官（北海道開発局開発監理部職員課長）,国土交通省,2024-12-31,2025-03-01,一般社団法人北海道土木施工管理技士会,土木施工管理技術に関する講習会等の開催、情報提供等,事務局次長,無,無
1397,木村　達哉,60,気象庁大気海洋部付,気象庁,2025-02-24,2025-02-25,世界気象機関（WMO）,気象業務に係る標準設定や加盟国支援,"官民連携室長（Director, Public-Private Engagement Office）",無,無
1398,猪狩　正昭,59,国土交通省大臣官房会計課契約制度管理室長,国土交通省,2025-02-28,2025-03-10,一般社団法人日本民営鉄道協会,鉄道事業の安全・安定輸送向上推進,総務広報部次長 兼 経理課長,無,無
1399,正田　寛,59,環境省地球環境審議官,環境省,2022-07-01,2024-04-01,パナソニックマーケティングジャパン株式会社,パナソニックブランド家電商品の卸販売、修理・サービス業務、太陽光・リフォーム・システムに関するエンジニアリング事業等,アドバイザー,無,無
1400,小野　洋,60,環境省地球環境審議官,環境省,2023-07-01,2024-09-27,公益財団法人地球環境戦略研究機関,地球環境政策に関する戦略研究,所長 兼 常任理事,無,無
1401,太田　志津子,60,環境省大臣官房付,環境省,2024-03-31,2024-06-01,株式会社エックス都市研究所,コンサルタント,研究理事,無,無
1402,萩原　辰男,59,環境省自然環境局自然環境整備課長,環境省,2024-03-31,2024-04-08,公益財団法人日本環境整備教育センター,浄化槽法に規定する試験及び講習の実施等,参事,無,無
1403,只見　康信,60,環境省大臣官房付,環境省,2024-06-30,2024-10-01,公益財団法人廃棄物・3R研究財団,廃棄物の処理・3Rに関する調査・研究事業,技術担当部長,無,無
1404,田村　省二,58,東北地方環境事務所長,環境省,2024-07-01,2024-10-01,アジア航測株式会社,航空写真測量業等,執行役員 兼 国土保全コンサルタント事業部総括技師長,無,有
1405,築島　明,59,環境省大臣官房付,環境省,2024-07-01,2024-11-01,いであ株式会社,建設コンサルタント,国土環境研究所技師長,無,無
1406,吉口　進朗,59,環境省大臣官房総務課企画官 併任 危機管理・災害対策室長,総務省,2024-07-01,2024-10-01,ミヤマ株式会社,廃棄物処理・リサイクル等総合環境事業,参与,無,無
1407,和田　篤也,61,環境事務次官,環境省,2024-07-01,2025-03-01,月島ホールディングス株式会社,機械メーカー、プラントエンジニアリング,顧問,無,無
1408,牛場　雅己,59,環境省大臣官房付,環境省,2024-07-02,2024-10-01,一般財団法人自然環境研究センター,自然環境に関する調査研究等,上級研究員,無,無
1409,江口　博行,61,環境省大臣官房付,環境省,2024-08-01,2024-10-21,ミネベアミツミ株式会社,ベアリング等の機械加工品事業、電子デバイス、半導体、小型モーター等の電子機器事業、自動車部品・産業機械・住宅機器事業,チーフ・グリーン・オフィサー,無,無
1410,廣木　雅史,61,環境省大臣官房付,環境省,2024-09-01,2025-01-01,公益財団法人日本環境協会,環境の保全に関する知識の普及及び調査研究等に関する事業,参与,無,無
1411,宮内　和洋,59,会計検査院事務総長,会計検査院,2022-12-31,2024-06-20,大成建設株式会社,総合建設業,監査役,無,無
1412,浅井　昇,60,会計検査院第5局経済産業検査第2課長,経済産業省,2023-03-31,2024-04-01,学校法人愛国学園,教育・研究,愛国学園保育専門学校事務長,無,無
1413,西川　克己,60,会計検査院第3局国土交通検査第1課長,国土交通省,2023-03-31,2024-12-01,公益財団法人日本財団,社会福祉、教育活動、海や船に関わる活動,監査部調査役,無,無
1414,冨士　博司,60,会計検査院事務総長官房審議官（第5局担当）,会計検査院,2023-03-31,2024-06-03,株式会社クリハラント,電気設備建設等,顧問,無,無
1415,冨士　博司,60,会計検査院事務総長官房審議官（第5局担当）,会計検査院,2023-03-31,2024-06-28,株式会社クリハラント,電気設備建設等,常勤監査役,無,無
1416,田中　克生,60,会計検査院第1局長,会計検査院,2023-12-31,2024-05-01,一般財団法人建設物価調査会,建設工事に関する工事費、資材の価格及び労務費の実態の調査等,顧問,無,無
1417,田中　克生,60,会計検査院第1局長,会計検査院,2023-12-31,2024-05-31,一般財団法人建設物価調査会,建設工事に関する工事費、資材の価格及び労務費の実態の調査等,監事,無,無
1418,西井　一悌,57,会計検査院第3局国土交通検査第3課統括調査官,国土交通省,2023-12-31,2024-12-07,株式会社アイリスプラザダイユニカンパニー,ホームセンター事業等,パート・アルバイト,無,無
1419,佐藤　宰,60,会計検査院第3局上席調査官（道路担当）付調査官（会計検査院第3局上席調査官（道路担当））,会計検査院,2024-03-31,2024-06-01,公益財団法人日本財団,社会福祉、教育活動、海や船に関わる活動,嘱託,無,無
1420,岸本　浩,60,独立行政法人国立印刷局理事長,財務省,2022-07-31,2024-07-01,国際空港上屋株式会社,国際航空貨物取扱い等の総合グランドハンドリング事業,顧問,無,無
1421,村田　浩美,60,独立行政法人製品評価技術基盤機構企画管理部部長,経済産業省,2023-06-30,2023-11-22,自営業,セミナー・研修等の講師、試験所等の審査・調査・判定請負,-,無,無
1422,河井　哲也,60,独立行政法人駐留軍等労働者労務管理機構座間支部長,防衛省,2024-03-30,2024-04-01,自営,英語学校、学習塾、派遣会社等（英語講師）,-,無,無
